Event Name,Log Source,Event Count,Start Time,Low Level Category,Source IP,Source Port,URL (custom),Destination IP,Destination Port,Username,Magnitude
"TCP_ACCELERATED","Bluecoat Logs - rfpproxy2","1","Sep 27, 2019, 1:05:46 PM","Information","10.6.162.46","51369","cloud-ec-asn.amp.cisco.com:443/","52.6.103.57","443","N/A","7"
"DIRECT","Bluecoat Logs - rfpproxy2","1","Sep 27, 2019, 1:05:18 PM","Access Permitted","10.6.162.46","51216","mpgops.service-now.com:443/","149.96.33.210","443","N/A","6"
"DIRECT","Bluecoat Logs - rfpproxy2","1","Sep 27, 2019, 1:04:33 PM","Access Permitted","10.6.162.46","51223","N/A","52.6.103.57","443","N/A","6"
"DIRECT","Bluecoat Logs - rfpproxy2","1","Sep 27, 2019, 1:03:43 PM","Access Permitted","10.6.162.46","51124","N/A","52.109.2.16","443","N/A","6"
"DIRECT","Bluecoat Logs - rfpproxy2","1","Sep 27, 2019, 1:03:42 PM","Access Permitted","10.6.162.46","51126","nexus.officeapps.live.com:443/","52.109.12.23","443","wgonzalez","6"
"TCP_MISS","Bluecoat Logs - rfpproxy2","1","Sep 27, 2019, 1:03:39 PM","Object Not Cached","10.6.162.46","51228","login.windows.net","40.126.2.37","443","wgonzalez","6"
"TCP_ACCELERATED","Bluecoat Logs - rfpproxy2","1","Sep 27, 2019, 1:03:26 PM","Information","10.6.162.46","51228","login.windows.net:443/","40.126.2.37","443","wgonzalez","7"
"TCP_ACCELERATED","Bluecoat Logs - rfpproxy2","1","Sep 27, 2019, 1:03:25 PM","Information","10.6.162.46","51223","cloud-ec-asn.amp.cisco.com:443/","52.6.103.57","443","N/A","7"
"DIRECT","Bluecoat Logs - rfpproxy2","1","Sep 27, 2019, 1:03:16 PM","Access Permitted","10.6.162.46","51089","mpgops.service-now.com:443/","149.96.33.210","443","N/A","6"
"TCP_ACCELERATED","Bluecoat Logs - rfpproxy2","1","Sep 27, 2019, 1:02:53 PM","Information","10.6.162.46","51188","slack.com:443/","13.225.206.153","443","N/A","7"
"TCP_MISS","Bluecoat Logs - rfpproxy2","1","Sep 27, 2019, 1:02:53 PM","Object Not Cached","10.6.162.46","51188","slack.com","13.225.206.153","443","N/A","6"
"DIRECT","Bluecoat Logs - rfpproxy2","1","Sep 27, 2019, 1:02:46 PM","Access Permitted","10.6.162.46","51125","N/A","52.6.103.57","443","N/A","6"
"DIRECT","Bluecoat Logs - rfpproxy2","1","Sep 27, 2019, 1:02:18 PM","Access Permitted","10.6.162.46","51033","nexus.officeapps.live.com:443/","52.109.12.23","443","wgonzalez","6"
"TCP_MISS","Bluecoat Logs - rfpproxy2","1","Sep 27, 2019, 1:02:07 PM","Object Not Cached","10.6.162.46","51127","login.windows.net","40.126.2.37","443","wgonzalez","6"
"TCP_MISS","Bluecoat Logs - rfpproxy2","1","Sep 27, 2019, 1:01:54 PM","Object Not Cached","10.6.162.46","51128","nexusrules.officeapps.live.com","52.109.76.31","443","wgonzalez","6"
"TCP_ACCELERATED","Bluecoat Logs - rfpproxy2","1","Sep 27, 2019, 1:01:53 PM","Information","10.6.162.46","51128","nexusrules.officeapps.live.com:443/","52.109.76.31","443","wgonzalez","7"
"TCP_ACCELERATED","Bluecoat Logs - rfpproxy2","1","Sep 27, 2019, 1:01:53 PM","Information","10.6.162.46","51127","login.windows.net:443/","40.126.2.37","443","wgonzalez","7"
"TCP_ACCELERATED","Bluecoat Logs - rfpproxy2","1","Sep 27, 2019, 1:01:53 PM","Information","10.6.162.46","51124","officeclient.microsoft.com:443/","52.109.2.16","443","N/A","7"
"TCP_ACCELERATED","Bluecoat Logs - rfpproxy2","1","Sep 27, 2019, 1:01:53 PM","Information","10.6.162.46","51125","cloud-ec-asn.amp.cisco.com:443/","52.6.103.57","443","N/A","7"
"DIRECT","Bluecoat Logs - rfpproxy2","1","Sep 27, 2019, 1:01:21 PM","Access Permitted","10.6.162.46","51061","N/A","52.6.103.57","443","N/A","6"
"DIRECT","Bluecoat Logs - rfpproxy2","1","Sep 27, 2019, 1:01:17 PM","Access Permitted","10.6.162.46","50975","mpgops.service-now.com:443/","149.96.33.210","443","N/A","6"
"TCP_DENIED","Bluecoat Logs - rfpproxy2","1","Sep 27, 2019, 1:01:07 PM","Access Denied","10.6.162.46","51080","config.edge.skype.com","13.107.3.128","443","wgonzalez","8"
"TCP_ACCELERATED","Bluecoat Logs - rfpproxy2","1","Sep 27, 2019, 1:01:07 PM","Information","10.6.162.46","51080","config.edge.skype.com:443/","13.107.3.128","443","wgonzalez","7"
"TCP_ACCELERATED","Bluecoat Logs - rfpproxy2","1","Sep 27, 2019, 1:00:52 PM","Information","10.6.162.46","51061","cloud-ec-asn.amp.cisco.com:443/","52.6.103.57","443","N/A","7"
"DIRECT","Bluecoat Logs - rfpproxy2","1","Sep 27, 2019, 1:00:43 PM","Access Permitted","10.6.162.46","50932","nexus.officeapps.live.com:443/","52.109.12.23","443","wgonzalez","6"
"DIRECT","Bluecoat Logs - rfpproxy1","1","Sep 27, 2019, 12:59:38 PM","Access Permitted","10.6.162.46","50938","N/A","10.41.60.52","443","N/A","6"
"DIRECT","Bluecoat Logs - rfpproxy2","1","Sep 27, 2019, 12:59:15 PM","Access Permitted","10.6.162.46","50854","mpgops.service-now.com:443/","149.96.33.210","443","N/A","6"
"TCP_ACCELERATED","Bluecoat Logs - rfpproxy2","1","Sep 27, 2019, 12:59:10 PM","Information","10.6.162.46","50968","mtalk.google.com:5228/","173.194.205.188","5228","wgonzalez","7"
"TCP_MISS","Bluecoat Logs - rfpproxy2","1","Sep 27, 2019, 12:59:10 PM","Object Not Cached","10.6.162.46","50968","N/A","173.194.205.188","5228","wgonzalez","6"
"DIRECT","Bluecoat Logs - rfpproxy2","1","Sep 27, 2019, 12:59:04 PM","Access Permitted","10.6.162.46","50930","N/A","52.6.103.57","443","N/A","6"
"DIRECT","Bluecoat Logs - rfpproxy2","1","Sep 27, 2019, 12:58:57 PM","Access Permitted","10.6.162.46","50503","N/A","172.217.10.138","443","wgonzalez","6"
"DIRECT","Bluecoat Logs - rfpproxy2","1","Sep 27, 2019, 12:58:54 PM","Access Permitted","10.6.162.46","50690","N/A","172.217.12.174","443","wgonzalez","6"
"DIRECT","Bluecoat Logs - rfpproxy2","1","Sep 27, 2019, 12:58:52 PM","Access Permitted","10.6.162.46","50688","N/A","172.217.10.131","443","wgonzalez","6"
"DIRECT","Bluecoat Logs - rfpproxy2","1","Sep 27, 2019, 12:58:52 PM","Access Permitted","10.6.162.46","50685","N/A","172.217.11.42","443","wgonzalez","6"
"TCP_MISS","Bluecoat Logs - rfpproxy2","1","Sep 27, 2019, 12:58:38 PM","Object Not Cached","10.6.162.46","50937","www.google.com/","172.217.12.164","443","wgonzalez","6"
"TCP_ACCELERATED","Bluecoat Logs - rfpproxy2","1","Sep 27, 2019, 12:58:38 PM","Information","10.6.162.46","50937","www.google.com:443/","172.217.12.164","443","wgonzalez","7"
"TCP_MISS","Bluecoat Logs - rfpproxy2","1","Sep 27, 2019, 12:58:38 PM","Object Not Cached","10.6.162.46","50936","ping.citrix.com/","23.29.105.232","80","wgonzalez","6"
"TCP_ACCELERATED","Bluecoat Logs - rfpproxy1","1","Sep 27, 2019, 12:58:38 PM","Information","10.6.162.46","50938","workspace.mlp.com:443/","10.41.60.52","443","N/A","7"
"TCP_ACCELERATED","Bluecoat Logs - rfpproxy2","1","Sep 27, 2019, 12:58:33 PM","Information","10.6.162.46","50930","cloud-ec-asn.amp.cisco.com:443/","52.6.103.57","443","N/A","7"
"DIRECT","Bluecoat Logs - rfpproxy2","1","Sep 27, 2019, 12:58:12 PM","Access Permitted","10.6.162.46","50877","N/A","52.6.103.57","443","N/A","6"
"DIRECT","Bluecoat Logs - rfpproxy2","1","Sep 27, 2019, 12:57:42 PM","Access Permitted","10.6.162.46","50768","nexus.officeapps.live.com:443/","52.109.12.24","443","wgonzalez","6"
"TCP_ACCELERATED","Bluecoat Logs - rfpproxy2","1","Sep 27, 2019, 12:57:42 PM","Information","10.6.162.46","50877","cloud-ec-asn.amp.cisco.com:443/","52.6.103.57","443","N/A","7"
"DIRECT","Bluecoat Logs - rfpproxy2","1","Sep 27, 2019, 12:57:21 PM","Access Permitted","10.6.162.46","50831","N/A","52.6.103.57","443","N/A","6"
"DIRECT","Bluecoat Logs - rfpproxy2","1","Sep 27, 2019, 12:57:18 PM","Access Permitted","10.6.162.46","50857","roaming.officeapps.live.com:443/","52.109.16.5","443","wgonzalez","6"
"DIRECT","Bluecoat Logs - rfpproxy2","1","Sep 27, 2019, 12:57:15 PM","Access Permitted","10.6.162.46","50731","mpgops.service-now.com:443/","149.96.33.210","443","N/A","6"
"TCP_ACCELERATED","Bluecoat Logs - rfpproxy2","1","Sep 27, 2019, 12:56:50 PM","Information","10.6.162.46","50831","cloud-ec-asn.amp.cisco.com:443/","52.6.103.57","443","N/A","7"
"DIRECT","Bluecoat Logs - rfpproxy2","1","Sep 27, 2019, 12:56:22 PM","Access Permitted","10.6.162.46","50769","N/A","52.6.103.57","443","N/A","6"
"TCP_MISS","Bluecoat Logs - rfpproxy2","1","Sep 27, 2019, 12:56:05 PM","Object Not Cached","10.6.162.46","50771","login.windows.net","40.126.2.37","443","wgonzalez","6"
"TCP_MISS","Bluecoat Logs - rfpproxy2","1","Sep 27, 2019, 12:55:52 PM","Object Not Cached","10.6.162.46","50770","nexusrules.officeapps.live.com","52.109.76.30","443","wgonzalez","6"
"TCP_ACCELERATED","Bluecoat Logs - rfpproxy2","1","Sep 27, 2019, 12:55:52 PM","Information","10.6.162.46","50772","www.gstatic.com:443/","172.217.11.3","443","wgonzalez","7"
"TCP_HIT","Bluecoat Logs - rfpproxy2","1","Sep 27, 2019, 12:55:52 PM","Object Cached","10.6.162.46","50772","www.gstatic.com","172.217.11.3","443","wgonzalez","6"
"TCP_ACCELERATED","Bluecoat Logs - rfpproxy2","1","Sep 27, 2019, 12:55:52 PM","Information","10.6.162.46","50770","nexusrules.officeapps.live.com:443/","52.109.76.30","443","wgonzalez","7"
"TCP_ACCELERATED","Bluecoat Logs - rfpproxy2","1","Sep 27, 2019, 12:55:52 PM","Information","10.6.162.46","50771","login.windows.net:443/","40.126.2.37","443","wgonzalez","7"
"TCP_ACCELERATED","Bluecoat Logs - rfpproxy2","1","Sep 27, 2019, 12:55:52 PM","Information","10.6.162.46","50769","cloud-ec-asn.amp.cisco.com:443/","52.6.103.57","443","N/A","7"
"DIRECT","Bluecoat Logs - rfpproxy2","1","Sep 27, 2019, 12:55:44 PM","Access Permitted","10.6.162.46","50686","N/A","52.6.103.57","443","N/A","6"
"DIRECT","Bluecoat Logs - rfpproxy2","1","Sep 27, 2019, 12:55:14 PM","Access Permitted","10.6.162.46","50582","mpgops.service-now.com:443/","149.96.33.210","443","N/A","6"
"DIRECT","Bluecoat Logs - rfpproxy2","1","Sep 27, 2019, 12:55:05 PM","Access Permitted","10.6.162.46","50611","nexus.officeapps.live.com:443/","52.109.12.24","443","wgonzalez","6"
"TCP_ACCELERATED","Bluecoat Logs - rfpproxy2","1","Sep 27, 2019, 12:54:54 PM","Information","10.6.162.46","50690","android.clients.google.com:443/","172.217.12.174","443","wgonzalez","7"
"TCP_MISS","Bluecoat Logs - rfpproxy2","1","Sep 27, 2019, 12:54:52 PM","Object Not Cached","10.6.162.46","50687","lh5.googleusercontent.com","172.217.10.33","443","wgonzalez","6"
"TCP_ACCELERATED","Bluecoat Logs - rfpproxy2","1","Sep 27, 2019, 12:54:52 PM","Information","10.6.162.46","50688","clientservices.googleapis.com:443/","172.217.10.131","443","wgonzalez","7"
"TCP_ACCELERATED","Bluecoat Logs - rfpproxy2","1","Sep 27, 2019, 12:54:52 PM","Information","10.6.162.46","50687","lh5.googleusercontent.com:443/","172.217.10.33","443","wgonzalez","7"
"TCP_ACCELERATED","Bluecoat Logs - rfpproxy2","1","Sep 27, 2019, 12:54:52 PM","Information","10.6.162.46","50686","cloud-ec-asn.amp.cisco.com:443/","52.6.103.57","443","N/A","7"
"TCP_ACCELERATED","Bluecoat Logs - rfpproxy2","1","Sep 27, 2019, 12:54:52 PM","Information","10.6.162.46","50685","www.googleapis.com:443/","172.217.11.42","443","wgonzalez","7"
"TCP_MISS","Bluecoat Logs - rfpproxy2","1","Sep 27, 2019, 12:54:41 PM","Object Not Cached","10.6.162.46","50666","b.tile.openstreetmap.org","204.16.246.252","443","wgonzalez","6"
"TCP_MISS","Bluecoat Logs - rfpproxy2","1","Sep 27, 2019, 12:54:41 PM","Object Not Cached","10.6.162.46","50634","b.tile.openstreetmap.org","204.16.246.252","443","wgonzalez","6"
"TCP_MISS","Bluecoat Logs - rfpproxy2","1","Sep 27, 2019, 12:54:41 PM","Object Not Cached","10.6.162.46","50636","c.tile.openstreetmap.org","204.16.246.252","443","wgonzalez","6"
"TCP_MISS","Bluecoat Logs - rfpproxy2","1","Sep 27, 2019, 12:54:41 PM","Object Not Cached","10.6.162.46","50637","a.tile.openstreetmap.org","204.16.246.252","443","wgonzalez","6"
"TCP_ACCELERATED","Bluecoat Logs - rfpproxy2","1","Sep 27, 2019, 12:54:37 PM","Information","10.6.162.46","50666","b.tile.openstreetmap.org:443/","204.16.246.252","443","wgonzalez","7"
"DIRECT","Bluecoat Logs - rfpproxy2","1","Sep 27, 2019, 12:54:27 PM","Access Permitted","10.6.162.46","50619","N/A","52.6.103.57","443","N/A","6"
"TCP_MISS","Bluecoat Logs - rfpproxy2","1","Sep 27, 2019, 12:54:08 PM","Object Not Cached","10.6.162.46","50634","b.tile.openstreetmap.org","204.16.246.252","443","wgonzalez","6"
"TCP_MISS","Bluecoat Logs - rfpproxy2","1","Sep 27, 2019, 12:54:07 PM","Object Not Cached","10.6.162.46","50636","c.tile.openstreetmap.org","204.16.246.252","443","wgonzalez","6"
"TCP_MISS","Bluecoat Logs - rfpproxy2","1","Sep 27, 2019, 12:54:07 PM","Object Not Cached","10.6.162.46","50637","a.tile.openstreetmap.org","204.16.246.252","443","wgonzalez","6"
"TCP_MISS","Bluecoat Logs - rfpproxy2","1","Sep 27, 2019, 12:54:07 PM","Object Not Cached","10.6.162.46","50635","c.tile.openstreetmap.org","204.16.246.252","443","wgonzalez","6"
"DIRECT","Bluecoat Logs - rfpproxy2","1","Sep 27, 2019, 12:54:07 PM","Access Permitted","10.6.162.46","50470","N/A","192.30.253.113","443","N/A","6"
"TCP_ACCELERATED","Bluecoat Logs - rfpproxy2","1","Sep 27, 2019, 12:54:07 PM","Information","10.6.162.46","50635","c.tile.openstreetmap.org:443/","204.16.246.252","443","wgonzalez","7"
"TCP_ACCELERATED","Bluecoat Logs - rfpproxy2","1","Sep 27, 2019, 12:54:07 PM","Information","10.6.162.46","50634","b.tile.openstreetmap.org:443/","204.16.246.252","443","wgonzalez","7"
"TCP_ACCELERATED","Bluecoat Logs - rfpproxy2","1","Sep 27, 2019, 12:54:07 PM","Information","10.6.162.46","50637","a.tile.openstreetmap.org:443/","204.16.246.252","443","wgonzalez","7"
"TCP_ACCELERATED","Bluecoat Logs - rfpproxy2","1","Sep 27, 2019, 12:54:07 PM","Information","10.6.162.46","50636","c.tile.openstreetmap.org:443/","204.16.246.252","443","wgonzalez","7"
"TCP_ACCELERATED","Bluecoat Logs - rfpproxy2","1","Sep 27, 2019, 12:53:56 PM","Information","10.6.162.46","50619","cloud-ec-asn.amp.cisco.com:443/","52.6.103.57","443","N/A","7"
"DIRECT","Bluecoat Logs - rfpproxy2","1","Sep 27, 2019, 12:53:14 PM","Access Permitted","10.6.162.46","50456","mpgops.service-now.com:443/","149.96.33.210","443","N/A","6"
"DIRECT","Bluecoat Logs - rfpproxy2","1","Sep 27, 2019, 12:52:44 PM","Access Permitted","10.6.162.46","50523","N/A","52.6.103.57","443","N/A","6"
"TCP_ACCELERATED","Bluecoat Logs - rfpproxy2","1","Sep 27, 2019, 12:52:13 PM","Information","10.6.162.46","50523","cloud-ec-asn.amp.cisco.com:443/","52.6.103.57","443","N/A","7"
"TCP_ACCELERATED","Bluecoat Logs - rfpproxy2","1","Sep 27, 2019, 12:51:56 PM","Information","10.6.162.46","50503","safebrowsing.googleapis.com:443/","172.217.10.138","443","wgonzalez","7"
"DIRECT","Bluecoat Logs - rfpproxy2","1","Sep 27, 2019, 12:51:49 PM","Access Permitted","10.6.162.46","50461","N/A","52.6.103.57","443","N/A","6"
"DIRECT","Bluecoat Logs - rfpproxy2","1","Sep 27, 2019, 12:51:25 PM","Access Permitted","10.6.162.46","50474","roaming.officeapps.live.com:443/","52.109.16.5","443","wgonzalez","6"
"TCP_ACCELERATED","Bluecoat Logs - rfpproxy2","1","Sep 27, 2019, 12:51:22 PM","Information","10.6.162.46","50470","github.com:443/","192.30.253.113","443","N/A","7"
"DIRECT","Bluecoat Logs - rfpproxy2","1","Sep 27, 2019, 12:51:22 PM","Access Permitted","10.6.162.46","50373","N/A","140.82.113.5","443","N/A","6"
"DIRECT","Bluecoat Logs - rfpproxy2","1","Sep 27, 2019, 12:51:22 PM","Access Permitted","10.6.162.46","50460","N/A","192.30.253.113","443","N/A","6"
"DIRECT","Bluecoat Logs - rfpproxy2","1","Sep 27, 2019, 12:51:18 PM","Access Permitted","10.6.162.46","50465","N/A","140.82.114.5","443","N/A","6"
"TCP_ACCELERATED","Bluecoat Logs - rfpproxy2","1","Sep 27, 2019, 12:51:18 PM","Information","10.6.162.46","50465","api.github.com:443/","140.82.114.5","443","N/A","7"
"TCP_ACCELERATED","Bluecoat Logs - rfpproxy2","1","Sep 27, 2019, 12:51:18 PM","Information","10.6.162.46","50460","github.com:443/","192.30.253.113","443","N/A","7"
"TCP_ACCELERATED","Bluecoat Logs - rfpproxy2","1","Sep 27, 2019, 12:51:18 PM","Information","10.6.162.46","50461","cloud-ec-asn.amp.cisco.com:443/","52.6.103.57","443","N/A","7"
"DIRECT","Bluecoat Logs - rfpproxy2","1","Sep 27, 2019, 12:51:17 PM","Access Permitted","10.6.162.46","50420","N/A","52.6.103.57","443","N/A","6"
"DIRECT","Bluecoat Logs - rfpproxy2","1","Sep 27, 2019, 12:51:13 PM","Access Permitted","10.6.162.46","50341","mpgops.service-now.com:443/","149.96.33.210","443","N/A","6"
"DIRECT","Bluecoat Logs - rfpproxy2","1","Sep 27, 2019, 12:50:35 PM","Access Permitted","10.6.162.46","49291","N/A","185.199.109.154","443","wgonzalez","6"
"TCP_ACCELERATED","Bluecoat Logs - rfpproxy2","1","Sep 27, 2019, 12:50:33 PM","Information","10.6.162.46","50420","cloud-ec-asn.amp.cisco.com:443/","52.6.103.57","443","N/A","7"
"DIRECT","Bluecoat Logs - rfpproxy2","1","Sep 27, 2019, 12:50:29 PM","Access Permitted","10.6.162.46","50382","N/A","52.6.103.57","443","N/A","6"
"DIRECT","Bluecoat Logs - rfpproxy2","1","Sep 27, 2019, 12:49:58 PM","Access Permitted","10.6.162.46","50381","N/A","140.82.113.4","443","N/A","6"
"TCP_ACCELERATED","Bluecoat Logs - rfpproxy2","1","Sep 27, 2019, 12:49:57 PM","Information","10.6.162.46","50382","cloud-ec-asn.amp.cisco.com:443/","52.6.103.57","443","N/A","7"
"TCP_ACCELERATED","Bluecoat Logs - rfpproxy2","1","Sep 27, 2019, 12:49:57 PM","Information","10.6.162.46","50381","github.com:443/","140.82.113.4","443","N/A","7"
"DIRECT","Bluecoat Logs - rfpproxy2","1","Sep 27, 2019, 12:49:56 PM","Access Permitted","10.6.162.46","50133","N/A","172.217.10.138","443","wgonzalez","6"
"DIRECT","Bluecoat Logs - rfpproxy2","1","Sep 27, 2019, 12:49:48 PM","Access Permitted","10.6.162.46","50264","N/A","140.82.113.4","443","N/A","6"
"DIRECT","Bluecoat Logs - rfpproxy2","1","Sep 27, 2019, 12:49:48 PM","Access Permitted","10.6.162.46","50273","N/A","140.82.114.6","443","N/A","6"
"DIRECT","Bluecoat Logs - rfpproxy2","1","Sep 27, 2019, 12:49:48 PM","Access Permitted","10.6.162.46","50266","N/A","185.199.109.154","443","wgonzalez","6"
"DIRECT","Bluecoat Logs - rfpproxy2","1","Sep 27, 2019, 12:49:48 PM","Access Permitted","10.6.162.46","50272","N/A","3.224.219.57","443","wgonzalez","6"
"TCP_ACCELERATED","Bluecoat Logs - rfpproxy2","1","Sep 27, 2019, 12:49:48 PM","Information","10.6.162.46","50373","api.github.com:443/","140.82.113.5","443","N/A","7"
"DIRECT","Bluecoat Logs - rfpproxy2","1","Sep 27, 2019, 12:49:48 PM","Access Permitted","10.6.162.46","50263","N/A","140.82.113.4","443","N/A","6"
"DIRECT","Bluecoat Logs - rfpproxy2","1","Sep 27, 2019, 12:49:35 PM","Access Permitted","10.6.162.46","50253","nexus.officeapps.live.com:443/","52.109.124.23","443","wgonzalez","6"
"TCP_MISS","Bluecoat Logs - rfpproxy2","1","Sep 27, 2019, 12:49:17 PM","Object Not Cached","10.6.162.46","49715","slack.com","13.226.39.153","443","N/A","6"
"DIRECT","Bluecoat Logs - rfpproxy2","1","Sep 27, 2019, 12:49:12 PM","Access Permitted","10.6.162.46","50211","mpgops.service-now.com:443/","149.96.33.210","443","N/A","6"
"TCP_MISS","Bluecoat Logs - rfpproxy2","1","Sep 27, 2019, 12:49:09 PM","Object Not Cached","10.6.162.46","50338","N/A","173.194.207.188","5228","wgonzalez","6"
"TCP_ACCELERATED","Bluecoat Logs - rfpproxy2","1","Sep 27, 2019, 12:49:09 PM","Information","10.6.162.46","50338","mtalk.google.com:5228/","173.194.207.188","5228","wgonzalez","7"
"DIRECT","Bluecoat Logs - rfpproxy2","1","Sep 27, 2019, 12:48:03 PM","Access Permitted","10.6.162.46","50197","N/A","172.217.10.45","443","wgonzalez","6"
"TCP_MISS","Bluecoat Logs - rfpproxy2","1","Sep 27, 2019, 12:47:59 PM","Object Not Cached","10.6.162.46","50120","www.google-analytics.com","172.217.11.46","443","N/A","6"
"TCP_ACCELERATED","Bluecoat Logs - rfpproxy2","1","Sep 27, 2019, 12:47:59 PM","Information","10.6.162.46","50272","collector.githubapp.com:443/","3.224.219.57","443","wgonzalez","7"
"TCP_ACCELERATED","Bluecoat Logs - rfpproxy2","1","Sep 27, 2019, 12:47:59 PM","Information","10.6.162.46","50271","live.github.com:443/","140.82.113.26","443","N/A","7"
"TCP_MISS","Bluecoat Logs - rfpproxy2","1","Sep 27, 2019, 12:47:59 PM","Object Not Cached","10.6.162.46","50270","avatars2.githubusercontent.com","199.232.36.133","443","wgonzalez","6"
"TCP_ACCELERATED","Bluecoat Logs - rfpproxy2","1","Sep 27, 2019, 12:47:59 PM","Information","10.6.162.46","50273","api.github.com:443/","140.82.114.6","443","N/A","7"
"TCP_ACCELERATED","Bluecoat Logs - rfpproxy2","1","Sep 27, 2019, 12:47:59 PM","Information","10.6.162.46","50270","avatars2.githubusercontent.com:443/","199.232.36.133","443","wgonzalez","7"
"DIRECT","Bluecoat Logs - rfpproxy2","1","Sep 27, 2019, 12:47:59 PM","Access Permitted","10.6.162.46","50119","N/A","140.82.113.26","443","N/A","6"
"TCP_MISS","Bluecoat Logs - rfpproxy2","1","Sep 27, 2019, 12:47:59 PM","Object Not Cached","10.6.162.46","49715","slack.com","13.226.39.153","443","N/A","6"
"TCP_ACCELERATED","Bluecoat Logs - rfpproxy2","1","Sep 27, 2019, 12:47:59 PM","Information","10.6.162.46","50267","avatars0.githubusercontent.com:443/","199.232.36.133","443","wgonzalez","7"
"TCP_ACCELERATED","Bluecoat Logs - rfpproxy2","1","Sep 27, 2019, 12:47:59 PM","Information","10.6.162.46","50266","github.githubassets.com:443/","185.199.109.154","443","wgonzalez","7"
"TCP_ACCELERATED","Bluecoat Logs - rfpproxy2","1","Sep 27, 2019, 12:47:59 PM","Information","10.6.162.46","50265","avatars2.githubusercontent.com:443/","199.232.36.133","443","wgonzalez","7"
"TCP_ACCELERATED","Bluecoat Logs - rfpproxy2","1","Sep 27, 2019, 12:47:59 PM","Information","10.6.162.46","50268","avatars3.githubusercontent.com:443/","199.232.36.133","443","wgonzalez","7"
"DIRECT","Bluecoat Logs - rfpproxy2","1","Sep 27, 2019, 12:47:59 PM","Access Permitted","10.6.162.46","50102","N/A","3.224.219.57","443","wgonzalez","6"
"DIRECT","Bluecoat Logs - rfpproxy2","1","Sep 27, 2019, 12:47:59 PM","Access Permitted","10.6.162.46","50092","N/A","192.30.253.112","443","N/A","6"
"DIRECT","Bluecoat Logs - rfpproxy2","1","Sep 27, 2019, 12:47:59 PM","Access Permitted","10.6.162.46","50103","N/A","140.82.113.6","443","N/A","6"
"DIRECT","Bluecoat Logs - rfpproxy2","1","Sep 27, 2019, 12:47:59 PM","Access Permitted","10.6.162.46","50097","N/A","140.82.113.3","443","N/A","6"
"DIRECT","Bluecoat Logs - rfpproxy2","1","Sep 27, 2019, 12:47:59 PM","Access Permitted","10.6.162.46","50121","N/A","3.224.219.57","443","wgonzalez","6"
"TCP_ACCELERATED","Bluecoat Logs - rfpproxy2","1","Sep 27, 2019, 12:47:59 PM","Information","10.6.162.46","50263","github.com:443/","140.82.113.4","443","N/A","7"
"TCP_ACCELERATED","Bluecoat Logs - rfpproxy2","1","Sep 27, 2019, 12:47:59 PM","Information","10.6.162.46","50264","github.com:443/","140.82.113.4","443","N/A","7"
"TCP_MISS","Bluecoat Logs - rfpproxy2","1","Sep 27, 2019, 12:47:47 PM","Object Not Cached","10.6.162.46","50222","mlpinfosec.slack.com","13.225.64.153","443","wgonzalez","6"
"DIRECT","Bluecoat Logs - rfpproxy2","1","Sep 27, 2019, 12:47:46 PM","Access Permitted","10.6.162.46","50201","N/A","52.6.103.57","443","N/A","6"
"TCP_MISS","Bluecoat Logs - rfpproxy2","1","Sep 27, 2019, 12:47:44 PM","Object Not Cached","10.6.162.46","49715","slack.com","13.226.39.153","443","N/A","6"
"TCP_MISS","Bluecoat Logs - rfpproxy2","1","Sep 27, 2019, 12:47:44 PM","Object Not Cached","10.6.162.46","49715","slack.com","13.226.39.153","443","N/A","6"
"TCP_MISS","Bluecoat Logs - rfpproxy2","1","Sep 27, 2019, 12:47:32 PM","Object Not Cached","10.6.162.46","49715","slack.com","13.226.39.153","443","N/A","6"
"TCP_MISS","Bluecoat Logs - rfpproxy2","1","Sep 27, 2019, 12:47:32 PM","Object Not Cached","10.6.162.46","49715","slack.com","13.226.39.153","443","N/A","6"
"TCP_MISS","Bluecoat Logs - rfpproxy2","1","Sep 27, 2019, 12:47:25 PM","Object Not Cached","10.6.162.46","50224","files.slack.com","13.225.206.153","443","wgonzalez","6"
"TCP_MISS","Bluecoat Logs - rfpproxy2","1","Sep 27, 2019, 12:47:25 PM","Object Not Cached","10.6.162.46","50224","files.slack.com","13.225.206.153","443","wgonzalez","6"
"TCP_MISS","Bluecoat Logs - rfpproxy2","1","Sep 27, 2019, 12:47:25 PM","Object Not Cached","10.6.162.46","50225","files.slack.com","13.225.206.153","443","wgonzalez","6"
"TCP_MISS","Bluecoat Logs - rfpproxy2","1","Sep 27, 2019, 12:47:25 PM","Object Not Cached","10.6.162.46","50224","files.slack.com","13.225.206.153","443","wgonzalez","6"
"TCP_ACCELERATED","Bluecoat Logs - rfpproxy2","1","Sep 27, 2019, 12:47:25 PM","Information","10.6.162.46","50225","files.slack.com:443/","13.225.206.153","443","wgonzalez","7"
"TCP_ACCELERATED","Bluecoat Logs - rfpproxy2","1","Sep 27, 2019, 12:47:25 PM","Information","10.6.162.46","50224","files.slack.com:443/","13.225.206.153","443","wgonzalez","7"
"TCP_ACCELERATED","Bluecoat Logs - rfpproxy2","1","Sep 27, 2019, 12:47:24 PM","Information","10.6.162.46","50222","mlpinfosec.slack.com:443/","13.225.64.153","443","wgonzalez","7"
"TCP_MISS","Bluecoat Logs - rfpproxy2","8","Sep 27, 2019, 12:47:23 PM","Object Not Cached","10.6.162.46","50222","mlpinfosec.slack.com","13.225.64.153","443","wgonzalez","6"
"TCP_MISS","Bluecoat Logs - rfpproxy2","1","Sep 27, 2019, 12:47:22 PM","Object Not Cached","10.6.162.46","49692","mlpinfosec.slack.com","13.225.64.153","443","wgonzalez","6"
"TCP_MISS","Bluecoat Logs - rfpproxy2","1","Sep 27, 2019, 12:47:21 PM","Object Not Cached","10.6.162.46","49692","mlpinfosec.slack.com","13.225.64.153","443","wgonzalez","6"
"TCP_MISS","Bluecoat Logs - rfpproxy2","1","Sep 27, 2019, 12:47:20 PM","Object Not Cached","10.6.162.46","49692","mlpinfosec.slack.com","13.225.64.153","443","wgonzalez","6"
"TCP_ERR_MISS","Bluecoat Logs - rfpproxy2","1","Sep 27, 2019, 12:47:15 PM","Error","10.6.162.46","50199","N/A","172.217.10.33","443","wgonzalez","9"
"TCP_ERR_MISS","Bluecoat Logs - rfpproxy2","1","Sep 27, 2019, 12:47:15 PM","Error","10.6.162.46","50196","N/A","172.217.10.33","443","wgonzalez","9"
"TCP_ERR_MISS","Bluecoat Logs - rfpproxy2","1","Sep 27, 2019, 12:47:15 PM","Error","10.6.162.46","50202","N/A","172.217.9.228","443","wgonzalez","9"
"DIRECT","Bluecoat Logs - rfpproxy2","1","Sep 27, 2019, 12:47:12 PM","Access Permitted","10.6.162.46","50069","mpgops.service-now.com:443/","149.96.33.210","443","N/A","6"
"TCP_MISS","Bluecoat Logs - rfpproxy2","1","Sep 27, 2019, 12:47:05 PM","Object Not Cached","10.6.162.46","49715","slack.com","13.226.39.153","443","N/A","6"
"TCP_ACCELERATED","Bluecoat Logs - rfpproxy2","1","Sep 27, 2019, 12:47:03 PM","Information","10.6.162.46","50201","cloud-ec-asn.amp.cisco.com:443/","52.6.103.57","443","N/A","7"
"TCP_ACCELERATED","Bluecoat Logs - rfpproxy2","1","Sep 27, 2019, 12:47:03 PM","Information","10.6.162.46","50202","www.google.com:443/","172.217.9.228","443","wgonzalez","7"
"TCP_ACCELERATED","Bluecoat Logs - rfpproxy2","1","Sep 27, 2019, 12:47:02 PM","Information","10.6.162.46","50199","lh3.googleusercontent.com:443/","172.217.10.33","443","wgonzalez","7"
"TCP_ACCELERATED","Bluecoat Logs - rfpproxy2","1","Sep 27, 2019, 12:47:02 PM","Information","10.6.162.46","50197","accounts.google.com:443/","172.217.10.45","443","wgonzalez","7"
"TCP_ACCELERATED","Bluecoat Logs - rfpproxy2","1","Sep 27, 2019, 12:47:02 PM","Information","10.6.162.46","50196","lh3.googleusercontent.com:443/","172.217.10.33","443","wgonzalez","7"
"TCP_MISS","Bluecoat Logs - rfpproxy2","1","Sep 27, 2019, 12:46:49 PM","Object Not Cached","10.6.162.46","50185","mlptech.slack.com","13.225.206.153","443","wgonzalez","6"
"TCP_ACCELERATED","Bluecoat Logs - rfpproxy2","1","Sep 27, 2019, 12:46:49 PM","Information","10.6.162.46","50185","mlptech.slack.com:443/","13.225.206.153","443","wgonzalez","7"
"DIRECT","Bluecoat Logs - rfpproxy2","1","Sep 27, 2019, 12:45:56 PM","Access Permitted","10.6.162.46","50115","N/A","185.199.109.154","443","wgonzalez","6"
"TCP_ACCELERATED","Bluecoat Logs - rfpproxy2","1","Sep 27, 2019, 12:45:56 PM","Information","10.6.162.46","50133","safebrowsing.googleapis.com:443/","172.217.10.138","443","wgonzalez","7"
"DIRECT","Bluecoat Logs - rfpproxy2","1","Sep 27, 2019, 12:45:48 PM","Access Permitted","10.6.162.46","50075","N/A","52.6.103.57","443","N/A","6"
"TCP_ACCELERATED","Bluecoat Logs - rfpproxy2","1","Sep 27, 2019, 12:45:44 PM","Information","10.6.162.46","50119","live.github.com:443/","140.82.113.26","443","N/A","7"
"TCP_MISS","Bluecoat Logs - rfpproxy2","1","Sep 27, 2019, 12:45:44 PM","Object Not Cached","10.6.162.46","50118","avatars3.githubusercontent.com","199.232.36.133","443","wgonzalez","6"
"TCP_ACCELERATED","Bluecoat Logs - rfpproxy2","1","Sep 27, 2019, 12:45:44 PM","Information","10.6.162.46","50120","www.google-analytics.com:443/","172.217.11.46","443","N/A","7"
"TCP_MISS","Bluecoat Logs - rfpproxy2","1","Sep 27, 2019, 12:45:44 PM","Object Not Cached","10.6.162.46","49297","www.google-analytics.com","172.217.11.46","443","N/A","6"
"TCP_ACCELERATED","Bluecoat Logs - rfpproxy2","1","Sep 27, 2019, 12:45:44 PM","Information","10.6.162.46","50121","collector.githubapp.com:443/","3.224.219.57","443","wgonzalez","7"
"TCP_MISS","Bluecoat Logs - rfpproxy2","1","Sep 27, 2019, 12:45:44 PM","Object Not Cached","10.6.162.46","50120","www.google-analytics.com","172.217.11.46","443","N/A","6"
"DIRECT","Bluecoat Logs - rfpproxy2","1","Sep 27, 2019, 12:45:43 PM","Access Permitted","10.6.162.46","50101","N/A","140.82.113.26","443","N/A","6"
"TCP_ACCELERATED","Bluecoat Logs - rfpproxy2","1","Sep 27, 2019, 12:45:43 PM","Information","10.6.162.46","50118","avatars3.githubusercontent.com:443/","199.232.36.133","443","wgonzalez","7"
"TCP_MISS","Bluecoat Logs - rfpproxy2","1","Sep 27, 2019, 12:45:43 PM","Object Not Cached","10.6.162.46","50094","avatars0.githubusercontent.com","199.232.36.133","443","wgonzalez","6"
"TCP_ACCELERATED","Bluecoat Logs - rfpproxy2","1","Sep 27, 2019, 12:45:43 PM","Information","10.6.162.46","50115","github.githubassets.com:443/","185.199.109.154","443","wgonzalez","7"
"TCP_ACCELERATED","Bluecoat Logs - rfpproxy2","1","Sep 27, 2019, 12:45:43 PM","Information","10.6.162.46","50116","avatars2.githubusercontent.com:443/","199.232.36.133","443","wgonzalez","7"
"DIRECT","Bluecoat Logs - rfpproxy2","1","Sep 27, 2019, 12:45:42 PM","Access Permitted","10.6.162.46","50098","N/A","185.199.109.154","443","wgonzalez","6"
"TCP_MISS","Bluecoat Logs - rfpproxy2","1","Sep 27, 2019, 12:45:39 PM","Object Not Cached","10.6.162.46","50111","slack.com","13.225.206.153","443","N/A","6"
"TCP_ACCELERATED","Bluecoat Logs - rfpproxy2","1","Sep 27, 2019, 12:45:39 PM","Information","10.6.162.46","50111","slack.com:443/","13.225.206.153","443","N/A","7"
"TCP_ACCELERATED","Bluecoat Logs - rfpproxy2","1","Sep 27, 2019, 12:45:32 PM","Information","10.6.162.46","50102","collector.githubapp.com:443/","3.224.219.57","443","wgonzalez","7"
"TCP_ACCELERATED","Bluecoat Logs - rfpproxy2","1","Sep 27, 2019, 12:45:32 PM","Information","10.6.162.46","50101","live.github.com:443/","140.82.113.26","443","N/A","7"
"TCP_ACCELERATED","Bluecoat Logs - rfpproxy2","1","Sep 27, 2019, 12:45:31 PM","Information","10.6.162.46","50103","api.github.com:443/","140.82.113.6","443","N/A","7"
"TCP_MISS","Bluecoat Logs - rfpproxy2","1","Sep 27, 2019, 12:45:31 PM","Object Not Cached","10.6.162.46","49297","www.google-analytics.com","172.217.11.46","443","N/A","6"
"TCP_MISS","Bluecoat Logs - rfpproxy2","1","Sep 27, 2019, 12:45:31 PM","Object Not Cached","10.6.162.46","50100","avatars1.githubusercontent.com","199.232.36.133","443","wgonzalez","6"
"DIRECT","Bluecoat Logs - rfpproxy2","1","Sep 27, 2019, 12:45:31 PM","Access Permitted","10.6.162.46","49825","N/A","140.82.113.26","443","N/A","6"
"TCP_ACCELERATED","Bluecoat Logs - rfpproxy2","1","Sep 27, 2019, 12:45:31 PM","Information","10.6.162.46","50100","avatars1.githubusercontent.com:443/","199.232.36.133","443","wgonzalez","7"
"TCP_ACCELERATED","Bluecoat Logs - rfpproxy2","1","Sep 27, 2019, 12:45:30 PM","Information","10.6.162.46","50098","github.githubassets.com:443/","185.199.109.154","443","wgonzalez","7"
"TCP_ACCELERATED","Bluecoat Logs - rfpproxy2","1","Sep 27, 2019, 12:45:30 PM","Information","10.6.162.46","50099","avatars2.githubusercontent.com:443/","199.232.36.133","443","wgonzalez","7"
"TCP_ACCELERATED","Bluecoat Logs - rfpproxy2","1","Sep 27, 2019, 12:45:30 PM","Information","10.6.162.46","50097","github.com:443/","140.82.113.3","443","N/A","7"
"TCP_MISS","Bluecoat Logs - rfpproxy2","1","Sep 27, 2019, 12:45:29 PM","Object Not Cached","10.6.162.46","50094","avatars0.githubusercontent.com","199.232.36.133","443","wgonzalez","6"
"TCP_ACCELERATED","Bluecoat Logs - rfpproxy2","1","Sep 27, 2019, 12:45:29 PM","Information","10.6.162.46","50094","avatars0.githubusercontent.com:443/","199.232.36.133","443","wgonzalez","7"
"TCP_DENIED","Bluecoat Logs - rfpproxy2","1","Sep 27, 2019, 12:45:29 PM","Access Denied","10.6.162.46","50094","avatars0.githubusercontent.com:443/","199.232.36.133","443","N/A","8"
"TCP_DENIED","Bluecoat Logs - rfpproxy2","1","Sep 27, 2019, 12:45:29 PM","Access Denied","10.6.162.46","50093","avatars0.githubusercontent.com:443/","199.232.36.133","443","N/A","8"
"TCP_DENIED","Bluecoat Logs - rfpproxy2","1","Sep 27, 2019, 12:45:29 PM","Access Denied","10.6.162.46","50094","avatars0.githubusercontent.com:443/","199.232.36.133","443","N/A","8"
"TCP_ACCELERATED","Bluecoat Logs - rfpproxy2","1","Sep 27, 2019, 12:45:29 PM","Information","10.6.162.46","50092","github.com:443/","192.30.253.112","443","N/A","7"
"DIRECT","Bluecoat Logs - rfpproxy2","1","Sep 27, 2019, 12:45:29 PM","Access Permitted","10.6.162.46","49828","N/A","192.30.253.112","443","N/A","6"
"DIRECT","Bluecoat Logs - rfpproxy2","1","Sep 27, 2019, 12:45:29 PM","Access Permitted","10.6.162.46","49816","N/A","3.224.219.57","443","wgonzalez","6"
"DIRECT","Bluecoat Logs - rfpproxy2","1","Sep 27, 2019, 12:45:29 PM","Access Permitted","10.6.162.46","49817","N/A","140.82.114.5","443","N/A","6"
"DIRECT","Bluecoat Logs - rfpproxy2","1","Sep 27, 2019, 12:45:29 PM","Access Permitted","10.6.162.46","49810","N/A","140.82.113.4","443","N/A","6"
"DIRECT","Bluecoat Logs - rfpproxy2","1","Sep 27, 2019, 12:45:29 PM","Access Permitted","10.6.162.46","49826","N/A","192.30.253.112","443","N/A","6"
"DIRECT","Bluecoat Logs - rfpproxy2","1","Sep 27, 2019, 12:45:29 PM","Access Permitted","10.6.162.46","49827","N/A","192.30.253.112","443","N/A","6"
"DIRECT","Bluecoat Logs - rfpproxy2","1","Sep 27, 2019, 12:45:29 PM","Access Permitted","10.6.162.46","49809","N/A","140.82.113.4","443","N/A","6"
"DIRECT","Bluecoat Logs - rfpproxy2","1","Sep 27, 2019, 12:45:18 PM","Access Permitted","10.6.162.46","50074","N/A","192.30.253.112","443","N/A","6"
"DIRECT","Bluecoat Logs - rfpproxy2","1","Sep 27, 2019, 12:45:17 PM","Access Permitted","10.6.162.46","50076","N/A","140.82.113.6","443","N/A","6"
"TCP_ACCELERATED","Bluecoat Logs - rfpproxy2","1","Sep 27, 2019, 12:45:17 PM","Information","10.6.162.46","50076","api.github.com:443/","140.82.113.6","443","N/A","7"
"TCP_ACCELERATED","Bluecoat Logs - rfpproxy2","1","Sep 27, 2019, 12:45:15 PM","Information","10.6.162.46","50075","cloud-ec-asn.amp.cisco.com:443/","52.6.103.57","443","N/A","7"
"TCP_ACCELERATED","Bluecoat Logs - rfpproxy2","1","Sep 27, 2019, 12:45:15 PM","Information","10.6.162.46","50074","github.com:443/","192.30.253.112","443","N/A","7"
"DIRECT","Bluecoat Logs - rfpproxy2","1","Sep 27, 2019, 12:45:11 PM","Access Permitted","10.6.162.46","49953","mpgops.service-now.com:443/","149.96.33.210","443","N/A","6"
"TCP_MISS","Bluecoat Logs - rfpproxy2","1","Sep 27, 2019, 12:45:09 PM","Object Not Cached","10.6.162.46","49715","slack.com","13.225.206.153","443","N/A","6"
"DIRECT","Bluecoat Logs - rfpproxy1","1","Sep 27, 2019, 12:44:38 PM","Access Permitted","10.6.162.46","49976","N/A","10.153.189.23","443","N/A","6"
"TCP_DENIED","Bluecoat Logs - rfpproxy1","1","Sep 27, 2019, 12:44:16 PM","Access Denied","10.6.162.46","50017","client.wns.windows.com:443/","52.230.222.68","443","N/A","8"
"TCP_DENIED","Bluecoat Logs - rfpproxy1","1","Sep 27, 2019, 12:44:16 PM","Access Denied","10.6.162.46","50017","client.wns.windows.com:443/","52.230.222.68","443","N/A","8"
"TCP_DENIED","Bluecoat Logs - rfpproxy1","1","Sep 27, 2019, 12:44:16 PM","Access Denied","10.6.162.46","50017","client.wns.windows.com:443/","52.230.222.68","443","dnycte1026$","8"
"TCP_DENIED","Bluecoat Logs - rfpproxy1","1","Sep 27, 2019, 12:44:16 PM","Access Denied","10.6.162.46","50015","client.wns.windows.com:443/","52.230.222.68","443","dnycte1026$","8"
"DIRECT","Bluecoat Logs - rfpproxy2","1","Sep 27, 2019, 12:44:14 PM","Access Permitted","10.6.162.46","49983","N/A","52.6.103.57","443","N/A","6"
"TCP_MISS","Bluecoat Logs - rfpproxy2","1","Sep 27, 2019, 12:44:07 PM","Object Not Cached","10.6.162.46","49715","slack.com","13.225.64.153","443","N/A","6"
"DIRECT","Bluecoat Logs - rfpproxy2","1","Sep 27, 2019, 12:44:05 PM","Access Permitted","10.6.162.46","49914","nexus.officeapps.live.com:443/","52.109.124.22","443","wgonzalez","6"
"TCP_MISS","Bluecoat Logs - rfpproxy2","1","Sep 27, 2019, 12:43:55 PM","Object Not Cached","10.6.162.46","49715","slack.com","13.225.64.153","443","N/A","6"
"TCP_ACCELERATED","Bluecoat Logs - rfpproxy2","1","Sep 27, 2019, 12:43:43 PM","Information","10.6.162.46","49983","cloud-ec-asn.amp.cisco.com:443/","52.6.103.57","443","N/A","7"
"TCP_MISS","Bluecoat Logs - rfpproxy2","1","Sep 27, 2019, 12:43:38 PM","Object Not Cached","10.6.162.46","49977","www.google.com/","172.217.12.164","443","wgonzalez","6"
"TCP_MISS","Bluecoat Logs - rfpproxy2","1","Sep 27, 2019, 12:43:38 PM","Object Not Cached","10.6.162.46","49978","ping.citrix.com/","23.29.105.232","80","wgonzalez","6"
"TCP_ACCELERATED","Bluecoat Logs - rfpproxy1","1","Sep 27, 2019, 12:43:37 PM","Information","10.6.162.46","49976","workspace.mlp.com:443/","10.153.189.23","443","N/A","7"
"TCP_ACCELERATED","Bluecoat Logs - rfpproxy2","1","Sep 27, 2019, 12:43:37 PM","Information","10.6.162.46","49977","www.google.com:443/","172.217.12.164","443","wgonzalez","7"
"DIRECT","Bluecoat Logs - rfpproxy2","1","Sep 27, 2019, 12:43:11 PM","Access Permitted","10.6.162.46","49836","mpgops.service-now.com:443/","149.96.33.210","443","N/A","6"
"DIRECT","Bluecoat Logs - rfpproxy2","1","Sep 27, 2019, 12:42:38 PM","Access Permitted","10.6.162.46","49895","N/A","52.6.103.57","443","N/A","6"
"TCP_MISS","Bluecoat Logs - rfpproxy2","1","Sep 27, 2019, 12:42:35 PM","Object Not Cached","10.6.162.46","49692","mlpinfosec.slack.com","13.225.206.153","443","wgonzalez","6"
"TCP_MISS","Bluecoat Logs - rfpproxy2","1","Sep 27, 2019, 12:42:34 PM","Object Not Cached","10.6.162.46","49715","slack.com","13.226.39.153","443","N/A","6"
"DIRECT","Bluecoat Logs - rfpproxy2","1","Sep 27, 2019, 12:42:08 PM","Access Permitted","10.6.162.46","49894","N/A","140.82.114.3","443","N/A","6"
"DIRECT","Bluecoat Logs - rfpproxy2","1","Sep 27, 2019, 12:42:08 PM","Access Permitted","10.6.162.46","49896","N/A","140.82.113.5","443","N/A","6"
"TCP_ACCELERATED","Bluecoat Logs - rfpproxy2","1","Sep 27, 2019, 12:42:07 PM","Information","10.6.162.46","49896","api.github.com:443/","140.82.113.5","443","N/A","7"
"TCP_ACCELERATED","Bluecoat Logs - rfpproxy2","1","Sep 27, 2019, 12:42:07 PM","Information","10.6.162.46","49894","github.com:443/","140.82.114.3","443","N/A","7"
"TCP_ACCELERATED","Bluecoat Logs - rfpproxy2","1","Sep 27, 2019, 12:42:07 PM","Information","10.6.162.46","49895","cloud-ec-asn.amp.cisco.com:443/","52.6.103.57","443","N/A","7"
"DIRECT","Bluecoat Logs - rfpproxy2","1","Sep 27, 2019, 12:41:56 PM","Access Permitted","10.6.162.46","49855","N/A","52.6.103.57","443","N/A","6"
"DIRECT","Bluecoat Logs - rfpproxy2","1","Sep 27, 2019, 12:41:26 PM","Access Permitted","10.6.162.46","49854","N/A","140.82.114.3","443","N/A","6"
"DIRECT","Bluecoat Logs - rfpproxy2","1","Sep 27, 2019, 12:41:25 PM","Access Permitted","10.6.162.46","49859","N/A","140.82.114.5","443","N/A","6"
"TCP_ACCELERATED","Bluecoat Logs - rfpproxy2","1","Sep 27, 2019, 12:41:25 PM","Information","10.6.162.46","49859","api.github.com:443/","140.82.114.5","443","N/A","7"
"TCP_ACCELERATED","Bluecoat Logs - rfpproxy2","1","Sep 27, 2019, 12:41:24 PM","Information","10.6.162.46","49854","github.com:443/","140.82.114.3","443","N/A","7"
"TCP_ACCELERATED","Bluecoat Logs - rfpproxy2","1","Sep 27, 2019, 12:41:24 PM","Information","10.6.162.46","49855","cloud-ec-asn.amp.cisco.com:443/","52.6.103.57","443","N/A","7"
"DIRECT","Bluecoat Logs - rfpproxy2","1","Sep 27, 2019, 12:41:16 PM","Access Permitted","10.6.162.46","49811","N/A","185.199.109.154","443","wgonzalez","6"
"DIRECT","Bluecoat Logs - rfpproxy2","1","Sep 27, 2019, 12:41:10 PM","Access Permitted","10.6.162.46","49694","mpgops.service-now.com:443/","149.96.33.210","443","N/A","6"
"DIRECT","Bluecoat Logs - rfpproxy2","1","Sep 27, 2019, 12:41:06 PM","Access Permitted","10.6.162.46","49790","N/A","52.6.103.57","443","N/A","6"
"TCP_MISS","Bluecoat Logs - rfpproxy2","1","Sep 27, 2019, 12:41:03 PM","Object Not Cached","10.6.162.46","49297","www.google-analytics.com","172.217.11.46","443","N/A","6"
"TCP_ACCELERATED","Bluecoat Logs - rfpproxy2","1","Sep 27, 2019, 12:41:03 PM","Information","10.6.162.46","49827","github.com:443/","192.30.253.112","443","N/A","7"
"TCP_ACCELERATED","Bluecoat Logs - rfpproxy2","1","Sep 27, 2019, 12:41:03 PM","Information","10.6.162.46","49828","github.com:443/","192.30.253.112","443","N/A","7"
"TCP_ACCELERATED","Bluecoat Logs - rfpproxy2","1","Sep 27, 2019, 12:41:03 PM","Information","10.6.162.46","49825","live.github.com:443/","140.82.113.26","443","N/A","7"
"TCP_ACCELERATED","Bluecoat Logs - rfpproxy2","1","Sep 27, 2019, 12:41:03 PM","Information","10.6.162.46","49826","github.com:443/","192.30.253.112","443","N/A","7"
"DIRECT","Bluecoat Logs - rfpproxy2","1","Sep 27, 2019, 12:41:03 PM","Access Permitted","10.6.162.46","49814","N/A","140.82.113.26","443","N/A","6"
"TCP_ACCELERATED","Bluecoat Logs - rfpproxy2","1","Sep 27, 2019, 12:41:03 PM","Information","10.6.162.46","49824","avatars1.githubusercontent.com:443/","199.232.36.133","443","wgonzalez","7"
"TCP_MISS","Bluecoat Logs - rfpproxy2","1","Sep 27, 2019, 12:41:01 PM","Object Not Cached","10.6.162.46","49715","slack.com","13.225.206.153","443","N/A","6"
"TCP_ACCELERATED","Bluecoat Logs - rfpproxy2","1","Sep 27, 2019, 12:40:57 PM","Information","10.6.162.46","49817","api.github.com:443/","140.82.114.5","443","N/A","7"
"TCP_ACCELERATED","Bluecoat Logs - rfpproxy2","1","Sep 27, 2019, 12:40:57 PM","Information","10.6.162.46","49816","collector.githubapp.com:443/","3.224.219.57","443","wgonzalez","7"
"TCP_MISS","Bluecoat Logs - rfpproxy2","1","Sep 27, 2019, 12:40:57 PM","Object Not Cached","10.6.162.46","49813","avatars2.githubusercontent.com","199.232.36.133","443","wgonzalez","6"
"TCP_MISS","Bluecoat Logs - rfpproxy2","1","Sep 27, 2019, 12:40:57 PM","Object Not Cached","10.6.162.46","49297","www.google-analytics.com","172.217.11.46","443","N/A","6"
"TCP_ACCELERATED","Bluecoat Logs - rfpproxy2","1","Sep 27, 2019, 12:40:57 PM","Information","10.6.162.46","49814","live.github.com:443/","140.82.113.26","443","N/A","7"
"DIRECT","Bluecoat Logs - rfpproxy2","1","Sep 27, 2019, 12:40:57 PM","Access Permitted","10.6.162.46","49466","N/A","140.82.113.25","443","N/A","6"
"TCP_ACCELERATED","Bluecoat Logs - rfpproxy2","1","Sep 27, 2019, 12:40:57 PM","Information","10.6.162.46","49813","avatars2.githubusercontent.com:443/","199.232.36.133","443","wgonzalez","7"
"TCP_ACCELERATED","Bluecoat Logs - rfpproxy2","1","Sep 27, 2019, 12:40:56 PM","Information","10.6.162.46","49810","github.com:443/","140.82.113.4","443","N/A","7"
"TCP_ACCELERATED","Bluecoat Logs - rfpproxy2","1","Sep 27, 2019, 12:40:56 PM","Information","10.6.162.46","49811","github.githubassets.com:443/","185.199.109.154","443","wgonzalez","7"
"DIRECT","Bluecoat Logs - rfpproxy2","1","Sep 27, 2019, 12:40:56 PM","Access Permitted","10.6.162.46","49607","N/A","192.30.253.112","443","N/A","6"
"TCP_ACCELERATED","Bluecoat Logs - rfpproxy2","1","Sep 27, 2019, 12:40:56 PM","Information","10.6.162.46","49812","avatars2.githubusercontent.com:443/","199.232.36.133","443","wgonzalez","7"
"TCP_ACCELERATED","Bluecoat Logs - rfpproxy2","1","Sep 27, 2019, 12:40:56 PM","Information","10.6.162.46","49809","github.com:443/","140.82.113.4","443","N/A","7"
"DIRECT","Bluecoat Logs - rfpproxy2","1","Sep 27, 2019, 12:40:42 PM","Access Permitted","10.6.162.46","49696","N/A","54.87.175.4","443","wgonzalez","6"
"TCP_ACCELERATED","Bluecoat Logs - rfpproxy2","1","Sep 27, 2019, 12:40:35 PM","Information","10.6.162.46","49790","cloud-ec-asn.amp.cisco.com:443/","52.6.103.57","443","N/A","7"
"DIRECT","Bluecoat Logs - rfpproxy2","1","Sep 27, 2019, 12:40:30 PM","Access Permitted","10.6.162.46","49784","N/A","13.68.93.109","443","N/A","6"
"TCP_ACCELERATED","Bluecoat Logs - rfpproxy2","1","Sep 27, 2019, 12:40:30 PM","Information","10.6.162.46","49784","sls.update.microsoft.com:443/","13.68.93.109","443","N/A","7"
"TCP_MISS","Bluecoat Logs - rfpproxy2","1","Sep 27, 2019, 12:40:20 PM","Object Not Cached","10.6.162.46","49715","slack.com","13.226.39.153","443","N/A","6"
"DIRECT","Bluecoat Logs - rfpproxy2","1","Sep 27, 2019, 12:40:19 PM","Access Permitted","10.6.162.46","49402","N/A","172.217.12.174","443","wgonzalez","6"
"TCP_MISS","Bluecoat Logs - rfpproxy2","1","Sep 27, 2019, 12:39:59 PM","Object Not Cached","10.6.162.46","49715","slack.com","13.226.39.153","443","N/A","6"
"TCP_MISS","Bluecoat Logs - rfpproxy2","1","Sep 27, 2019, 12:39:52 PM","Object Not Cached","10.6.162.46","49715","slack.com","13.226.39.153","443","N/A","6"
"DIRECT","Bluecoat Logs - rfpproxy2","1","Sep 27, 2019, 12:39:37 PM","Access Permitted","10.6.162.46","49508","N/A","40.90.137.120","443","wgonzalez","6"
"TCP_MISS","Bluecoat Logs - rfpproxy2","1","Sep 27, 2019, 12:39:37 PM","Object Not Cached","10.6.162.46","49692","mlpinfosec.slack.com","13.226.39.153","443","wgonzalez","6"
"TCP_MISS","Bluecoat Logs - rfpproxy2","1","Sep 27, 2019, 12:39:34 PM","Object Not Cached","10.6.162.46","49692","mlpinfosec.slack.com","13.226.39.153","443","wgonzalez","6"
"DIRECT","Bluecoat Logs - rfpproxy2","1","Sep 27, 2019, 12:39:30 PM","Access Permitted","10.6.162.46","49719","roaming.officeapps.live.com:443/","52.109.92.24","443","wgonzalez","6"
"TCP_MISS","Bluecoat Logs - rfpproxy2","1","Sep 27, 2019, 12:39:28 PM","Object Not Cached","10.6.162.46","49715","slack.com","13.225.64.153","443","N/A","6"
"TCP_MISS","Bluecoat Logs - rfpproxy2","1","Sep 27, 2019, 12:39:25 PM","Object Not Cached","10.6.162.46","49715","slack.com","13.225.64.153","443","N/A","6"
"TCP_MISS","Bluecoat Logs - rfpproxy2","1","Sep 27, 2019, 12:39:25 PM","Object Not Cached","10.6.162.46","49715","slack.com","13.225.64.153","443","N/A","6"
"TCP_MISS","Bluecoat Logs - rfpproxy2","1","Sep 27, 2019, 12:39:25 PM","Object Not Cached","10.6.162.46","49715","slack.com","13.225.64.153","443","N/A","6"
"TCP_ACCELERATED","Bluecoat Logs - rfpproxy2","1","Sep 27, 2019, 12:39:25 PM","Information","10.6.162.46","49715","slack.com:443/","13.225.64.153","443","N/A","7"
"TCP_MISS","Bluecoat Logs - rfpproxy2","1","Sep 27, 2019, 12:39:19 PM","Object Not Cached","10.6.162.46","49692","mlpinfosec.slack.com","13.226.39.153","443","wgonzalez","6"
"TCP_MISS","Bluecoat Logs - rfpproxy2","1","Sep 27, 2019, 12:39:13 PM","Object Not Cached","10.6.162.46","49692","mlpinfosec.slack.com","13.226.39.153","443","wgonzalez","6"
"TCP_ACCELERATED","Bluecoat Logs - rfpproxy2","1","Sep 27, 2019, 12:39:12 PM","Information","10.6.162.46","49697","slack-imgs.com:443/","13.225.201.63","443","wgonzalez","7"
"TCP_ACCELERATED","Bluecoat Logs - rfpproxy2","1","Sep 27, 2019, 12:39:12 PM","Information","10.6.162.46","49696","slackb.com:443/","54.87.175.4","443","wgonzalez","7"
"TCP_CLIENT_REFRESH","Bluecoat Logs - rfpproxy2","1","Sep 27, 2019, 12:39:12 PM","Object Not Cached","10.6.162.46","49697","slack-imgs.com","13.225.201.63","443","wgonzalez","6"
"DIRECT","Bluecoat Logs - rfpproxy2","1","Sep 27, 2019, 12:39:10 PM","Access Permitted","10.6.162.46","49471","mpgops.service-now.com:443/","149.96.33.210","443","N/A","6"
"TCP_MISS","Bluecoat Logs - rfpproxy2","1","Sep 27, 2019, 12:39:09 PM","Object Not Cached","10.6.162.46","49692","mlpinfosec.slack.com","13.226.39.153","443","wgonzalez","6"
"TCP_MISS","Bluecoat Logs - rfpproxy2","1","Sep 27, 2019, 12:39:09 PM","Object Not Cached","10.6.162.46","49691","N/A","172.217.197.188","5228","wgonzalez","6"
"TCP_ACCELERATED","Bluecoat Logs - rfpproxy2","1","Sep 27, 2019, 12:39:09 PM","Information","10.6.162.46","49691","mtalk.google.com:5228/","172.217.197.188","5228","wgonzalez","7"
"TCP_ACCELERATED","Bluecoat Logs - rfpproxy2","1","Sep 27, 2019, 12:39:09 PM","Information","10.6.162.46","49692","mlpinfosec.slack.com:443/","13.226.39.153","443","wgonzalez","7"
"TCP_MISS","Bluecoat Logs - rfpproxy2","1","Sep 27, 2019, 12:38:48 PM","Object Not Cached","10.6.162.46","49670","ctldl.windowsupdate.com","8.250.101.254","80","N/A","6"
"TCP_MISS","Bluecoat Logs - rfpproxy2","1","Sep 27, 2019, 12:38:35 PM","Object Not Cached","10.6.162.46","49599","2.dl.delivery.mp.microsoft.com","72.22.185.198","80","N/A","6"
"TCP_MISS","Bluecoat Logs - rfpproxy2","1","Sep 27, 2019, 12:38:33 PM","Object Not Cached","10.6.162.46","49612","9.dl.delivery.mp.microsoft.com","205.185.216.42","80","N/A","6"
"DIRECT","Bluecoat Logs - rfpproxy2","1","Sep 27, 2019, 12:38:33 PM","Access Permitted","10.6.162.46","49509","N/A","52.6.103.57","443","N/A","6"
"TCP_MISS","Bluecoat Logs - rfpproxy2","1","Sep 27, 2019, 12:38:32 PM","Object Not Cached","10.6.162.46","49599","2.dl.delivery.mp.microsoft.com","72.22.185.198","80","N/A","6"
"TCP_MISS","Bluecoat Logs - rfpproxy2","7","Sep 27, 2019, 12:38:32 PM","Object Not Cached","10.6.162.46","49625","9.tlu.dl.delivery.mp.microsoft.com","205.185.216.10","80","N/A","6"
"TCP_MISS","Bluecoat Logs - rfpproxy2","1","Sep 27, 2019, 12:38:31 PM","Object Not Cached","10.6.162.46","49625","9.tlu.dl.delivery.mp.microsoft.com","205.185.216.10","80","N/A","6"
"TCP_MISS","Bluecoat Logs - rfpproxy2","15","Sep 27, 2019, 12:38:31 PM","Object Not Cached","10.6.162.46","49606","11.tlu.dl.delivery.mp.microsoft.com","72.21.81.240","80","N/A","6"
"TCP_MISS","Bluecoat Logs - rfpproxy2","1","Sep 27, 2019, 12:38:31 PM","Object Not Cached","10.6.162.46","49606","11.tlu.dl.delivery.mp.microsoft.com","72.21.81.240","80","N/A","6"
"TCP_MISS","Bluecoat Logs - rfpproxy2","1","Sep 27, 2019, 12:38:31 PM","Object Not Cached","10.6.162.46","49625","9.tlu.dl.delivery.mp.microsoft.com","205.185.216.10","80","N/A","6"
"TCP_MISS","Bluecoat Logs - rfpproxy2","1","Sep 27, 2019, 12:38:31 PM","Object Not Cached","10.6.162.46","49606","11.tlu.dl.delivery.mp.microsoft.com","72.21.81.240","80","N/A","6"
"TCP_MISS","Bluecoat Logs - rfpproxy2","1","Sep 27, 2019, 12:38:30 PM","Object Not Cached","10.6.162.46","49625","9.tlu.dl.delivery.mp.microsoft.com","205.185.216.10","80","N/A","6"
"TCP_MISS","Bluecoat Logs - rfpproxy2","1","Sep 27, 2019, 12:38:30 PM","Object Not Cached","10.6.162.46","49606","11.tlu.dl.delivery.mp.microsoft.com","72.21.81.240","80","N/A","6"
"TCP_MISS","Bluecoat Logs - rfpproxy2","1","Sep 27, 2019, 12:38:30 PM","Object Not Cached","10.6.162.46","49612","9.dl.delivery.mp.microsoft.com","205.185.216.42","80","N/A","6"
"TCP_MISS","Bluecoat Logs - rfpproxy2","1","Sep 27, 2019, 12:38:29 PM","Object Not Cached","10.6.162.46","49599","2.dl.delivery.mp.microsoft.com","72.22.185.198","80","N/A","6"
"TCP_MISS","Bluecoat Logs - rfpproxy2","2","Sep 27, 2019, 12:38:28 PM","Object Not Cached","10.6.162.46","49625","9.tlu.dl.delivery.mp.microsoft.com","205.185.216.10","80","N/A","6"
"TCP_MISS","Bluecoat Logs - rfpproxy2","1","Sep 27, 2019, 12:38:27 PM","Object Not Cached","10.6.162.46","49599","2.dl.delivery.mp.microsoft.com","72.22.185.198","80","N/A","6"
"TCP_MISS","Bluecoat Logs - rfpproxy2","6","Sep 27, 2019, 12:38:27 PM","Object Not Cached","10.6.162.46","49606","11.tlu.dl.delivery.mp.microsoft.com","72.21.81.240","80","N/A","6"
"TCP_MISS","Bluecoat Logs - rfpproxy2","1","Sep 27, 2019, 12:38:26 PM","Object Not Cached","10.6.162.46","49612","9.dl.delivery.mp.microsoft.com","205.185.216.42","80","N/A","6"
"DIRECT","Bluecoat Logs - rfpproxy2","1","Sep 27, 2019, 12:38:25 PM","Access Permitted","10.6.162.46","49644","N/A","64.4.54.18","443","N/A","6"
"TCP_ACCELERATED","Bluecoat Logs - rfpproxy2","1","Sep 27, 2019, 12:38:25 PM","Information","10.6.162.46","49646","geover-prod.do.dsp.mp.microsoft.com:443/","104.67.6.71","443","N/A","7"
"DIRECT","Bluecoat Logs - rfpproxy2","1","Sep 27, 2019, 12:38:25 PM","Access Permitted","10.6.162.46","49646","N/A","104.67.6.71","443","N/A","6"
"TCP_ACCELERATED","Bluecoat Logs - rfpproxy2","1","Sep 27, 2019, 12:38:24 PM","Information","10.6.162.46","49644","fe3.delivery.mp.microsoft.com:443/","64.4.54.18","443","N/A","7"
"DIRECT","Bluecoat Logs - rfpproxy2","1","Sep 27, 2019, 12:38:24 PM","Access Permitted","10.6.162.46","49635","N/A","23.10.130.253","443","N/A","6"
"TCP_ACCELERATED","Bluecoat Logs - rfpproxy2","1","Sep 27, 2019, 12:38:24 PM","Information","10.6.162.46","49638","disc801.prod.do.dsp.mp.microsoft.com:443/","23.10.130.253","443","N/A","7"
"TCP_CLIENT_REFRESH","Bluecoat Logs - rfpproxy2","1","Sep 27, 2019, 12:38:24 PM","Object Not Cached","10.6.162.46","49637","dl.delivery.mp.microsoft.com","72.22.185.206","80","N/A","6"
"DIRECT","Bluecoat Logs - rfpproxy2","1","Sep 27, 2019, 12:38:24 PM","Access Permitted","10.6.162.46","49638","N/A","23.10.130.253","443","N/A","6"
"TCP_ACCELERATED","Bluecoat Logs - rfpproxy2","1","Sep 27, 2019, 12:38:24 PM","Information","10.6.162.46","49635","cp801.prod.do.dsp.mp.microsoft.com:443/","23.10.130.253","443","N/A","7"
"TCP_MISS","Bluecoat Logs - rfpproxy2","1","Sep 27, 2019, 12:38:23 PM","Object Not Cached","10.6.162.46","49599","2.dl.delivery.mp.microsoft.com","72.22.185.198","80","N/A","6"
"TCP_ACCELERATED","Bluecoat Logs - rfpproxy2","1","Sep 27, 2019, 12:38:23 PM","Information","10.6.162.46","49633","cp801.prod.do.dsp.mp.microsoft.com:443/","23.10.130.253","443","N/A","7"
"DIRECT","Bluecoat Logs - rfpproxy2","1","Sep 27, 2019, 12:38:23 PM","Access Permitted","10.6.162.46","49633","N/A","23.10.130.253","443","N/A","6"
"DIRECT","Bluecoat Logs - rfpproxy2","1","Sep 27, 2019, 12:38:23 PM","Access Permitted","10.6.162.46","49631","N/A","52.177.83.224","443","N/A","6"
"TCP_ACCELERATED","Bluecoat Logs - rfpproxy2","1","Sep 27, 2019, 12:38:23 PM","Information","10.6.162.46","49631","tsfe.trafficshaping.dsp.mp.microsoft.com:443/","52.177.83.224","443","N/A","7"
"TCP_MISS","Bluecoat Logs - rfpproxy2","1","Sep 27, 2019, 12:38:22 PM","Object Not Cached","10.6.162.46","49612","9.dl.delivery.mp.microsoft.com","205.185.216.42","80","N/A","6"
"TCP_MISS","Bluecoat Logs - rfpproxy2","1","Sep 27, 2019, 12:38:21 PM","Object Not Cached","10.6.162.46","49599","2.dl.delivery.mp.microsoft.com","72.22.185.198","80","N/A","6"
"TCP_MISS","Bluecoat Logs - rfpproxy2","1","Sep 27, 2019, 12:38:19 PM","Object Not Cached","10.6.162.46","49599","2.dl.delivery.mp.microsoft.com","72.22.185.198","80","N/A","6"
"TCP_MISS","Bluecoat Logs - rfpproxy2","1","Sep 27, 2019, 12:38:18 PM","Object Not Cached","10.6.162.46","49625","9.tlu.dl.delivery.mp.microsoft.com","205.185.216.10","80","N/A","6"
"DIRECT","Bluecoat Logs - rfpproxy2","1","Sep 27, 2019, 12:38:18 PM","Access Permitted","10.6.162.46","49623","N/A","64.4.54.18","443","N/A","6"
"TCP_MISS","Bluecoat Logs - rfpproxy2","14","Sep 27, 2019, 12:38:18 PM","Object Not Cached","10.6.162.46","49625","9.tlu.dl.delivery.mp.microsoft.com","205.185.216.10","80","N/A","6"
"TCP_MISS","Bluecoat Logs - rfpproxy2","1","Sep 27, 2019, 12:38:17 PM","Object Not Cached","10.6.162.46","49621","9.tlu.dl.delivery.mp.microsoft.com","205.185.216.10","80","N/A","6"
"TCP_MISS","Bluecoat Logs - rfpproxy2","1","Sep 27, 2019, 12:38:17 PM","Object Not Cached","10.6.162.46","49622","9.tlu.dl.delivery.mp.microsoft.com","205.185.216.10","80","N/A","6"
"TCP_ACCELERATED","Bluecoat Logs - rfpproxy2","1","Sep 27, 2019, 12:38:17 PM","Information","10.6.162.46","49623","fe3.delivery.mp.microsoft.com:443/","64.4.54.18","443","N/A","7"
"TCP_CLIENT_REFRESH","Bluecoat Logs - rfpproxy2","1","Sep 27, 2019, 12:38:17 PM","Object Not Cached","10.6.162.46","49619","dl.delivery.mp.microsoft.com","72.22.185.206","80","N/A","6"
"TCP_CLIENT_REFRESH","Bluecoat Logs - rfpproxy2","1","Sep 27, 2019, 12:38:17 PM","Object Not Cached","10.6.162.46","49616","dl.delivery.mp.microsoft.com","72.22.185.206","80","N/A","6"
"TCP_MISS","Bluecoat Logs - rfpproxy2","1","Sep 27, 2019, 12:38:16 PM","Object Not Cached","10.6.162.46","49612","9.dl.delivery.mp.microsoft.com","205.185.216.42","80","N/A","6"
"TCP_MISS","Bluecoat Logs - rfpproxy2","1","Sep 27, 2019, 12:38:16 PM","Object Not Cached","10.6.162.46","49613","9.dl.delivery.mp.microsoft.com","205.185.216.42","80","N/A","6"
"TCP_MISS","Bluecoat Logs - rfpproxy2","1","Sep 27, 2019, 12:38:16 PM","Object Not Cached","10.6.162.46","49612","9.dl.delivery.mp.microsoft.com","205.185.216.42","80","N/A","6"
"DIRECT","Bluecoat Logs - rfpproxy2","1","Sep 27, 2019, 12:38:16 PM","Access Permitted","10.6.162.46","49406","N/A","192.30.253.112","443","N/A","6"
"DIRECT","Bluecoat Logs - rfpproxy2","1","Sep 27, 2019, 12:38:16 PM","Access Permitted","10.6.162.46","49407","N/A","192.30.253.116","443","N/A","6"
"TCP_ACCELERATED","Bluecoat Logs - rfpproxy2","1","Sep 27, 2019, 12:38:16 PM","Information","10.6.162.46","49607","github.com:443/","192.30.253.112","443","N/A","7"
"DIRECT","Bluecoat Logs - rfpproxy2","1","Sep 27, 2019, 12:38:16 PM","Access Permitted","10.6.162.46","49405","N/A","3.224.219.57","443","wgonzalez","6"
"TCP_MISS","Bluecoat Logs - rfpproxy2","1","Sep 27, 2019, 12:38:16 PM","Object Not Cached","10.6.162.46","49606","11.tlu.dl.delivery.mp.microsoft.com","72.21.81.240","80","N/A","6"
"DIRECT","Bluecoat Logs - rfpproxy2","1","Sep 27, 2019, 12:38:16 PM","Access Permitted","10.6.162.46","49460","N/A","185.199.109.154","443","wgonzalez","6"
"DIRECT","Bluecoat Logs - rfpproxy2","1","Sep 27, 2019, 12:38:16 PM","Access Permitted","10.6.162.46","49404","N/A","192.30.253.112","443","N/A","6"
"DIRECT","Bluecoat Logs - rfpproxy2","1","Sep 27, 2019, 12:38:16 PM","Access Permitted","10.6.162.46","49420","N/A","192.30.253.112","443","N/A","6"
"TCP_MISS","Bluecoat Logs - rfpproxy2","1","Sep 27, 2019, 12:38:16 PM","Object Not Cached","10.6.162.46","49606","11.tlu.dl.delivery.mp.microsoft.com","72.21.81.240","80","N/A","6"
"TCP_MISS","Bluecoat Logs - rfpproxy2","1","Sep 27, 2019, 12:38:16 PM","Object Not Cached","10.6.162.46","49609","11.dl.delivery.mp.microsoft.com","72.21.81.240","80","N/A","6"
"TCP_ACCELERATED","Bluecoat Logs - rfpproxy2","6","Sep 27, 2019, 12:38:16 PM","Information","10.6.162.46","49620","disc801.prod.do.dsp.mp.microsoft.com:443/","23.10.130.253","443","N/A","7"
"DIRECT","Bluecoat Logs - rfpproxy2","6","Sep 27, 2019, 12:38:16 PM","Access Permitted","10.6.162.46","49620","N/A","23.10.130.253","443","N/A","6"
"TCP_MISS","Bluecoat Logs - rfpproxy2","30","Sep 27, 2019, 12:38:16 PM","Object Not Cached","10.6.162.46","49606","11.tlu.dl.delivery.mp.microsoft.com","72.21.81.240","80","N/A","6"
"TCP_ACCELERATED","Bluecoat Logs - rfpproxy2","1","Sep 27, 2019, 12:38:16 PM","Information","10.6.162.46","49604","disc801.prod.do.dsp.mp.microsoft.com:443/","23.10.130.253","443","N/A","7"
"TCP_ACCELERATED","Bluecoat Logs - rfpproxy2","1","Sep 27, 2019, 12:38:16 PM","Information","10.6.162.46","49603","cp801.prod.do.dsp.mp.microsoft.com:443/","23.10.130.253","443","N/A","7"
"DIRECT","Bluecoat Logs - rfpproxy2","1","Sep 27, 2019, 12:38:16 PM","Access Permitted","10.6.162.46","49603","N/A","23.10.130.253","443","N/A","6"
"DIRECT","Bluecoat Logs - rfpproxy2","1","Sep 27, 2019, 12:38:16 PM","Access Permitted","10.6.162.46","49604","N/A","23.10.130.253","443","N/A","6"
"TCP_CLIENT_REFRESH","Bluecoat Logs - rfpproxy2","1","Sep 27, 2019, 12:38:16 PM","Object Not Cached","10.6.162.46","49605","dl.delivery.mp.microsoft.com","72.22.185.206","80","N/A","6"
"TCP_ACCELERATED","Bluecoat Logs - rfpproxy2","1","Sep 27, 2019, 12:38:16 PM","Information","10.6.162.46","49602","tsfe.trafficshaping.dsp.mp.microsoft.com:443/","52.177.83.224","443","N/A","7"
"DIRECT","Bluecoat Logs - rfpproxy2","1","Sep 27, 2019, 12:38:16 PM","Access Permitted","10.6.162.46","49602","N/A","52.177.83.224","443","N/A","6"
"DIRECT","Bluecoat Logs - rfpproxy2","1","Sep 27, 2019, 12:38:16 PM","Access Permitted","10.6.162.46","49601","N/A","64.4.54.18","443","N/A","6"
"TCP_ACCELERATED","Bluecoat Logs - rfpproxy2","1","Sep 27, 2019, 12:38:15 PM","Information","10.6.162.46","49601","fe3.delivery.mp.microsoft.com:443/","64.4.54.18","443","N/A","7"
"TCP_MISS","Bluecoat Logs - rfpproxy2","1","Sep 27, 2019, 12:38:15 PM","Object Not Cached","10.6.162.46","49599","2.dl.delivery.mp.microsoft.com","72.22.185.198","80","N/A","6"
"TCP_MISS","Bluecoat Logs - rfpproxy2","1","Sep 27, 2019, 12:38:15 PM","Object Not Cached","10.6.162.46","49600","2.dl.delivery.mp.microsoft.com","72.22.185.198","80","N/A","6"
"TCP_MISS","Bluecoat Logs - rfpproxy2","1","Sep 27, 2019, 12:38:15 PM","Object Not Cached","10.6.162.46","49599","2.dl.delivery.mp.microsoft.com","72.22.185.198","80","N/A","6"
"DIRECT","Bluecoat Logs - rfpproxy2","1","Sep 27, 2019, 12:38:15 PM","Access Permitted","10.6.162.46","49598","N/A","23.10.130.253","443","N/A","6"
"DIRECT","Bluecoat Logs - rfpproxy2","1","Sep 27, 2019, 12:38:15 PM","Access Permitted","10.6.162.46","49597","N/A","52.177.83.224","443","N/A","6"
"TCP_ACCELERATED","Bluecoat Logs - rfpproxy2","1","Sep 27, 2019, 12:38:15 PM","Information","10.6.162.46","49598","cp801.prod.do.dsp.mp.microsoft.com:443/","23.10.130.253","443","N/A","7"
"DIRECT","Bluecoat Logs - rfpproxy2","1","Sep 27, 2019, 12:38:15 PM","Access Permitted","10.6.162.46","49595","N/A","64.4.54.18","443","N/A","6"
"TCP_ACCELERATED","Bluecoat Logs - rfpproxy2","1","Sep 27, 2019, 12:38:15 PM","Information","10.6.162.46","49597","tsfe.trafficshaping.dsp.mp.microsoft.com:443/","52.177.83.224","443","N/A","7"
"TCP_ACCELERATED","Bluecoat Logs - rfpproxy2","1","Sep 27, 2019, 12:38:14 PM","Information","10.6.162.46","49595","fe3.delivery.mp.microsoft.com:443/","64.4.54.18","443","N/A","7"
"DIRECT","Bluecoat Logs - rfpproxy2","1","Sep 27, 2019, 12:38:14 PM","Access Permitted","10.6.162.46","49594","N/A","52.177.83.224","443","N/A","6"
"TCP_ACCELERATED","Bluecoat Logs - rfpproxy2","1","Sep 27, 2019, 12:38:14 PM","Information","10.6.162.46","49594","tsfe.trafficshaping.dsp.mp.microsoft.com:443/","52.177.83.224","443","N/A","7"
"DIRECT","Bluecoat Logs - rfpproxy2","1","Sep 27, 2019, 12:38:10 PM","Access Permitted","10.6.162.46","49586","N/A","23.10.130.253","443","N/A","6"
"TCP_ACCELERATED","Bluecoat Logs - rfpproxy2","1","Sep 27, 2019, 12:38:10 PM","Information","10.6.162.46","49586","disc801.prod.do.dsp.mp.microsoft.com:443/","23.10.130.253","443","N/A","7"
"DIRECT","Bluecoat Logs - rfpproxy2","1","Sep 27, 2019, 12:38:10 PM","Access Permitted","10.6.162.46","49584","N/A","23.10.130.253","443","N/A","6"
"TCP_ACCELERATED","Bluecoat Logs - rfpproxy2","1","Sep 27, 2019, 12:38:10 PM","Information","10.6.162.46","49584","cp801.prod.do.dsp.mp.microsoft.com:443/","23.10.130.253","443","N/A","7"
"TCP_CLIENT_REFRESH","Bluecoat Logs - rfpproxy2","1","Sep 27, 2019, 12:38:10 PM","Object Not Cached","10.6.162.46","49585","dl.delivery.mp.microsoft.com","72.22.185.206","80","N/A","6"
"TCP_MISS","Bluecoat Logs - rfpproxy2","1","Sep 27, 2019, 12:38:10 PM","Object Not Cached","10.6.162.46","49582","9.dl.delivery.mp.microsoft.com","205.185.216.42","80","N/A","6"
"TCP_MISS","Bluecoat Logs - rfpproxy2","2","Sep 27, 2019, 12:38:10 PM","Object Not Cached","10.6.162.46","49583","9.dl.delivery.mp.microsoft.com","205.185.216.42","80","N/A","6"
"DIRECT","Bluecoat Logs - rfpproxy2","1","Sep 27, 2019, 12:38:10 PM","Access Permitted","10.6.162.46","49581","N/A","23.10.130.253","443","N/A","6"
"TCP_ACCELERATED","Bluecoat Logs - rfpproxy2","1","Sep 27, 2019, 12:38:10 PM","Information","10.6.162.46","49581","cp801.prod.do.dsp.mp.microsoft.com:443/","23.10.130.253","443","N/A","7"
"DIRECT","Bluecoat Logs - rfpproxy2","1","Sep 27, 2019, 12:38:10 PM","Access Permitted","10.6.162.46","49579","N/A","64.4.54.18","443","N/A","6"
"TCP_ACCELERATED","Bluecoat Logs - rfpproxy2","1","Sep 27, 2019, 12:38:09 PM","Information","10.6.162.46","49579","fe3.delivery.mp.microsoft.com:443/","64.4.54.18","443","N/A","7"
"DIRECT","Bluecoat Logs - rfpproxy2","1","Sep 27, 2019, 12:38:09 PM","Access Permitted","10.6.162.46","49578","N/A","52.177.83.224","443","N/A","6"
"TCP_ACCELERATED","Bluecoat Logs - rfpproxy2","1","Sep 27, 2019, 12:38:09 PM","Information","10.6.162.46","49578","tsfe.trafficshaping.dsp.mp.microsoft.com:443/","52.177.83.224","443","N/A","7"
"TCP_MISS","Bluecoat Logs - rfpproxy2","1","Sep 27, 2019, 12:38:09 PM","Object Not Cached","10.6.162.46","49528","9.dl.delivery.mp.microsoft.com","205.185.216.42","80","N/A","6"
"TCP_MISS","Bluecoat Logs - rfpproxy2","13","Sep 27, 2019, 12:38:08 PM","Object Not Cached","10.6.162.46","49587","9.tlu.dl.delivery.mp.microsoft.com","205.185.216.10","80","N/A","6"
"TCP_MISS","Bluecoat Logs - rfpproxy2","1","Sep 27, 2019, 12:38:07 PM","Object Not Cached","10.6.162.46","49544","9.tlu.dl.delivery.mp.microsoft.com","205.185.216.10","80","N/A","6"
"TCP_MISS","Bluecoat Logs - rfpproxy2","1","Sep 27, 2019, 12:38:07 PM","Object Not Cached","10.6.162.46","49544","9.tlu.dl.delivery.mp.microsoft.com","205.185.216.10","80","N/A","6"
"TCP_MISS","Bluecoat Logs - rfpproxy2","1","Sep 27, 2019, 12:38:07 PM","Object Not Cached","10.6.162.46","49544","9.tlu.dl.delivery.mp.microsoft.com","205.185.216.10","80","N/A","6"
"TCP_MISS","Bluecoat Logs - rfpproxy2","1","Sep 27, 2019, 12:38:06 PM","Object Not Cached","10.6.162.46","49528","9.dl.delivery.mp.microsoft.com","205.185.216.42","80","N/A","6"
"TCP_MISS","Bluecoat Logs - rfpproxy2","1","Sep 27, 2019, 12:38:05 PM","Object Not Cached","10.6.162.46","49574","11.tlu.dl.delivery.mp.microsoft.com","72.21.81.240","80","N/A","6"
"TCP_MISS","Bluecoat Logs - rfpproxy2","14","Sep 27, 2019, 12:38:05 PM","Object Not Cached","10.6.162.46","49574","11.tlu.dl.delivery.mp.microsoft.com","72.21.81.240","80","N/A","6"
"TCP_CLIENT_REFRESH","Bluecoat Logs - rfpproxy2","1","Sep 27, 2019, 12:38:05 PM","Object Not Cached","10.6.162.46","49572","dl.delivery.mp.microsoft.com","72.22.185.206","80","N/A","6"
"TCP_MISS","Bluecoat Logs - rfpproxy2","1","Sep 27, 2019, 12:38:04 PM","Object Not Cached","10.6.162.46","49570","11.dl.delivery.mp.microsoft.com","72.21.81.240","80","N/A","6"
"TCP_MISS","Bluecoat Logs - rfpproxy2","1","Sep 27, 2019, 12:38:04 PM","Object Not Cached","10.6.162.46","49570","11.dl.delivery.mp.microsoft.com","72.21.81.240","80","N/A","6"
"TCP_ACCELERATED","Bluecoat Logs - rfpproxy2","3","Sep 27, 2019, 12:38:04 PM","Information","10.6.162.46","49573","disc801.prod.do.dsp.mp.microsoft.com:443/","23.10.130.253","443","N/A","7"
"DIRECT","Bluecoat Logs - rfpproxy2","3","Sep 27, 2019, 12:38:04 PM","Access Permitted","10.6.162.46","49573","N/A","23.10.130.253","443","N/A","6"
"DIRECT","Bluecoat Logs - rfpproxy2","1","Sep 27, 2019, 12:38:04 PM","Access Permitted","10.6.162.46","49566","N/A","64.4.54.18","443","N/A","6"
"TCP_ACCELERATED","Bluecoat Logs - rfpproxy2","1","Sep 27, 2019, 12:38:04 PM","Information","10.6.162.46","49566","fe3.delivery.mp.microsoft.com:443/","64.4.54.18","443","N/A","7"
"DIRECT","Bluecoat Logs - rfpproxy2","1","Sep 27, 2019, 12:38:03 PM","Access Permitted","10.6.162.46","49565","N/A","52.177.83.224","443","N/A","6"
"TCP_ACCELERATED","Bluecoat Logs - rfpproxy2","1","Sep 27, 2019, 12:38:03 PM","Information","10.6.162.46","49565","tsfe.trafficshaping.dsp.mp.microsoft.com:443/","52.177.83.224","443","N/A","7"
"DIRECT","Bluecoat Logs - rfpproxy2","1","Sep 27, 2019, 12:38:03 PM","Access Permitted","10.6.162.46","49561","N/A","64.4.54.18","443","N/A","6"
"TCP_MISS","Bluecoat Logs - rfpproxy2","1","Sep 27, 2019, 12:38:03 PM","Object Not Cached","10.6.162.46","49563","3.tlu.dl.delivery.mp.microsoft.com","8.253.38.235","80","N/A","6"
"TCP_MISS","Bluecoat Logs - rfpproxy2","4","Sep 27, 2019, 12:38:03 PM","Object Not Cached","10.6.162.46","49562","3.tlu.dl.delivery.mp.microsoft.com","8.253.38.235","80","N/A","6"
"TCP_ACCELERATED","Bluecoat Logs - rfpproxy2","1","Sep 27, 2019, 12:38:03 PM","Information","10.6.162.46","49561","fe3.delivery.mp.microsoft.com:443/","64.4.54.18","443","N/A","7"
"TCP_MISS","Bluecoat Logs - rfpproxy2","1","Sep 27, 2019, 12:38:02 PM","Object Not Cached","10.6.162.46","49560","3.tlu.dl.delivery.mp.microsoft.com","8.253.38.235","80","N/A","6"
"TCP_MISS","Bluecoat Logs - rfpproxy2","1","Sep 27, 2019, 12:38:02 PM","Object Not Cached","10.6.162.46","49559","3.tlu.dl.delivery.mp.microsoft.com","8.253.38.235","80","N/A","6"
"DIRECT","Bluecoat Logs - rfpproxy2","1","Sep 27, 2019, 12:38:02 PM","Access Permitted","10.6.162.46","49558","N/A","23.10.130.253","443","N/A","6"
"DIRECT","Bluecoat Logs - rfpproxy2","1","Sep 27, 2019, 12:38:02 PM","Access Permitted","10.6.162.46","49556","N/A","23.10.130.253","443","N/A","6"
"TCP_CLIENT_REFRESH","Bluecoat Logs - rfpproxy2","1","Sep 27, 2019, 12:38:02 PM","Object Not Cached","10.6.162.46","49557","dl.delivery.mp.microsoft.com","72.22.185.206","80","N/A","6"
"TCP_ACCELERATED","Bluecoat Logs - rfpproxy2","1","Sep 27, 2019, 12:38:02 PM","Information","10.6.162.46","49558","disc801.prod.do.dsp.mp.microsoft.com:443/","23.10.130.253","443","N/A","7"
"TCP_ACCELERATED","Bluecoat Logs - rfpproxy2","1","Sep 27, 2019, 12:38:02 PM","Information","10.6.162.46","49556","cp801.prod.do.dsp.mp.microsoft.com:443/","23.10.130.253","443","N/A","7"
"TCP_MISS","Bluecoat Logs - rfpproxy2","1","Sep 27, 2019, 12:38:02 PM","Object Not Cached","10.6.162.46","49554","3.dl.delivery.mp.microsoft.com","8.253.141.249","80","N/A","6"
"TCP_MISS","Bluecoat Logs - rfpproxy2","1","Sep 27, 2019, 12:38:02 PM","Object Not Cached","10.6.162.46","49553","3.dl.delivery.mp.microsoft.com","8.253.141.249","80","N/A","6"
"TCP_MISS","Bluecoat Logs - rfpproxy2","1","Sep 27, 2019, 12:38:02 PM","Object Not Cached","10.6.162.46","49554","3.dl.delivery.mp.microsoft.com","8.253.141.249","80","N/A","6"
"DIRECT","Bluecoat Logs - rfpproxy2","1","Sep 27, 2019, 12:38:02 PM","Access Permitted","10.6.162.46","49552","N/A","23.10.130.253","443","N/A","6"
"TCP_ACCELERATED","Bluecoat Logs - rfpproxy2","1","Sep 27, 2019, 12:38:02 PM","Information","10.6.162.46","49552","cp801.prod.do.dsp.mp.microsoft.com:443/","23.10.130.253","443","N/A","7"
"DIRECT","Bluecoat Logs - rfpproxy2","1","Sep 27, 2019, 12:38:02 PM","Access Permitted","10.6.162.46","49551","N/A","52.177.83.224","443","N/A","6"
"TCP_ACCELERATED","Bluecoat Logs - rfpproxy2","1","Sep 27, 2019, 12:38:02 PM","Information","10.6.162.46","49551","tsfe.trafficshaping.dsp.mp.microsoft.com:443/","52.177.83.224","443","N/A","7"
"TCP_MISS","Bluecoat Logs - rfpproxy2","1","Sep 27, 2019, 12:38:01 PM","Object Not Cached","10.6.162.46","49544","9.tlu.dl.delivery.mp.microsoft.com","205.185.216.10","80","N/A","6"
"TCP_MISS","Bluecoat Logs - rfpproxy2","2","Sep 27, 2019, 12:38:00 PM","Object Not Cached","10.6.162.46","49535","2.tlu.dl.delivery.mp.microsoft.com","72.22.185.209","80","N/A","6"
"TCP_MISS","Bluecoat Logs - rfpproxy2","1","Sep 27, 2019, 12:38:00 PM","Object Not Cached","10.6.162.46","49535","2.tlu.dl.delivery.mp.microsoft.com","72.22.185.209","80","N/A","6"
"TCP_MISS","Bluecoat Logs - rfpproxy2","1","Sep 27, 2019, 12:38:00 PM","Object Not Cached","10.6.162.46","49535","2.tlu.dl.delivery.mp.microsoft.com","72.22.185.209","80","N/A","6"
"TCP_MISS","Bluecoat Logs - rfpproxy2","1","Sep 27, 2019, 12:37:59 PM","Object Not Cached","10.6.162.46","49535","2.tlu.dl.delivery.mp.microsoft.com","72.22.185.209","80","N/A","6"
"TCP_MISS","Bluecoat Logs - rfpproxy2","1","Sep 27, 2019, 12:37:59 PM","Object Not Cached","10.6.162.46","49525","2.dl.delivery.mp.microsoft.com","72.22.185.198","80","N/A","6"
"TCP_MISS","Bluecoat Logs - rfpproxy2","4","Sep 27, 2019, 12:37:57 PM","Object Not Cached","10.6.162.46","49544","9.tlu.dl.delivery.mp.microsoft.com","205.185.216.10","80","N/A","6"
"TCP_MISS","Bluecoat Logs - rfpproxy2","1","Sep 27, 2019, 12:37:56 PM","Object Not Cached","10.6.162.46","49544","9.tlu.dl.delivery.mp.microsoft.com","205.185.216.10","80","N/A","6"
"TCP_MISS","Bluecoat Logs - rfpproxy2","4","Sep 27, 2019, 12:37:56 PM","Object Not Cached","10.6.162.46","49536","2.tlu.dl.delivery.mp.microsoft.com","72.22.185.209","80","N/A","6"
"TCP_MISS","Bluecoat Logs - rfpproxy2","1","Sep 27, 2019, 12:37:56 PM","Object Not Cached","10.6.162.46","49545","9.tlu.dl.delivery.mp.microsoft.com","205.185.216.10","80","N/A","6"
"TCP_MISS","Bluecoat Logs - rfpproxy2","1","Sep 27, 2019, 12:37:56 PM","Object Not Cached","10.6.162.46","49544","9.tlu.dl.delivery.mp.microsoft.com","205.185.216.10","80","N/A","6"
"TCP_CLIENT_REFRESH","Bluecoat Logs - rfpproxy2","1","Sep 27, 2019, 12:37:56 PM","Object Not Cached","10.6.162.46","49543","dl.delivery.mp.microsoft.com","72.22.185.206","80","N/A","6"
"TCP_MISS","Bluecoat Logs - rfpproxy2","3","Sep 27, 2019, 12:37:56 PM","Object Not Cached","10.6.162.46","49540","11.tlu.dl.delivery.mp.microsoft.com","72.21.81.240","80","N/A","6"
"TCP_MISS","Bluecoat Logs - rfpproxy2","1","Sep 27, 2019, 12:37:56 PM","Object Not Cached","10.6.162.46","49540","11.tlu.dl.delivery.mp.microsoft.com","72.21.81.240","80","N/A","6"
"TCP_CLIENT_REFRESH","Bluecoat Logs - rfpproxy2","1","Sep 27, 2019, 12:37:56 PM","Object Not Cached","10.6.162.46","49539","dl.delivery.mp.microsoft.com","72.22.185.206","80","N/A","6"
"TCP_MISS","Bluecoat Logs - rfpproxy2","1","Sep 27, 2019, 12:37:56 PM","Object Not Cached","10.6.162.46","49535","2.tlu.dl.delivery.mp.microsoft.com","72.22.185.209","80","N/A","6"
"TCP_MISS","Bluecoat Logs - rfpproxy2","1","Sep 27, 2019, 12:37:56 PM","Object Not Cached","10.6.162.46","49536","2.tlu.dl.delivery.mp.microsoft.com","72.22.185.209","80","N/A","6"
"TCP_MISS","Bluecoat Logs - rfpproxy2","1","Sep 27, 2019, 12:37:56 PM","Object Not Cached","10.6.162.46","49536","2.tlu.dl.delivery.mp.microsoft.com","72.22.185.209","80","N/A","6"
"TCP_CLIENT_REFRESH","Bluecoat Logs - rfpproxy2","1","Sep 27, 2019, 12:37:55 PM","Object Not Cached","10.6.162.46","49533","dl.delivery.mp.microsoft.com","72.22.185.206","80","N/A","6"
"TCP_MISS","Bluecoat Logs - rfpproxy2","1","Sep 27, 2019, 12:37:55 PM","Object Not Cached","10.6.162.46","49529","9.dl.delivery.mp.microsoft.com","205.185.216.42","80","N/A","6"
"TCP_MISS","Bluecoat Logs - rfpproxy2","1","Sep 27, 2019, 12:37:55 PM","Object Not Cached","10.6.162.46","49531","11.dl.delivery.mp.microsoft.com","72.21.81.240","80","N/A","6"
"TCP_MISS","Bluecoat Logs - rfpproxy2","1","Sep 27, 2019, 12:37:55 PM","Object Not Cached","10.6.162.46","49531","11.dl.delivery.mp.microsoft.com","72.21.81.240","80","N/A","6"
"TCP_ACCELERATED","Bluecoat Logs - rfpproxy2","7","Sep 27, 2019, 12:37:55 PM","Information","10.6.162.46","49542","disc801.prod.do.dsp.mp.microsoft.com:443/","23.10.130.253","443","N/A","7"
"DIRECT","Bluecoat Logs - rfpproxy2","7","Sep 27, 2019, 12:37:55 PM","Access Permitted","10.6.162.46","49542","N/A","23.10.130.253","443","N/A","6"
"TCP_MISS","Bluecoat Logs - rfpproxy2","1","Sep 27, 2019, 12:37:55 PM","Object Not Cached","10.6.162.46","49528","9.dl.delivery.mp.microsoft.com","205.185.216.42","80","N/A","6"
"TCP_MISS","Bluecoat Logs - rfpproxy2","1","Sep 27, 2019, 12:37:55 PM","Object Not Cached","10.6.162.46","49529","9.dl.delivery.mp.microsoft.com","205.185.216.42","80","N/A","6"
"TCP_ACCELERATED","Bluecoat Logs - rfpproxy2","1","Sep 27, 2019, 12:37:55 PM","Information","10.6.162.46","49527","cp801.prod.do.dsp.mp.microsoft.com:443/","23.10.130.253","443","N/A","7"
"DIRECT","Bluecoat Logs - rfpproxy2","1","Sep 27, 2019, 12:37:55 PM","Access Permitted","10.6.162.46","49527","N/A","23.10.130.253","443","N/A","6"
"DIRECT","Bluecoat Logs - rfpproxy2","1","Sep 27, 2019, 12:37:55 PM","Access Permitted","10.6.162.46","49524","N/A","23.10.130.253","443","N/A","6"
"TCP_ACCELERATED","Bluecoat Logs - rfpproxy2","1","Sep 27, 2019, 12:37:55 PM","Information","10.6.162.46","49524","cp801.prod.do.dsp.mp.microsoft.com:443/","23.10.130.253","443","N/A","7"
"TCP_MISS","Bluecoat Logs - rfpproxy2","1","Sep 27, 2019, 12:37:55 PM","Object Not Cached","10.6.162.46","49525","2.dl.delivery.mp.microsoft.com","72.22.185.198","80","N/A","6"
"TCP_MISS","Bluecoat Logs - rfpproxy2","1","Sep 27, 2019, 12:37:55 PM","Object Not Cached","10.6.162.46","49525","2.dl.delivery.mp.microsoft.com","72.22.185.198","80","N/A","6"
"TCP_MISS","Bluecoat Logs - rfpproxy2","1","Sep 27, 2019, 12:37:55 PM","Object Not Cached","10.6.162.46","49526","2.dl.delivery.mp.microsoft.com","72.22.185.198","80","N/A","6"
"DIRECT","Bluecoat Logs - rfpproxy2","1","Sep 27, 2019, 12:37:55 PM","Access Permitted","10.6.162.46","49523","N/A","23.10.130.253","443","N/A","6"
"DIRECT","Bluecoat Logs - rfpproxy2","1","Sep 27, 2019, 12:37:55 PM","Access Permitted","10.6.162.46","49522","N/A","13.78.187.58","443","N/A","6"
"TCP_ACCELERATED","Bluecoat Logs - rfpproxy2","1","Sep 27, 2019, 12:37:55 PM","Information","10.6.162.46","49523","kv801-prod.do.dsp.mp.microsoft.com:443/","23.10.130.253","443","N/A","7"
"TCP_ACCELERATED","Bluecoat Logs - rfpproxy2","1","Sep 27, 2019, 12:37:54 PM","Information","10.6.162.46","49522","geo-prod.do.dsp.mp.microsoft.com:443/","13.78.187.58","443","N/A","7"
"DIRECT","Bluecoat Logs - rfpproxy2","1","Sep 27, 2019, 12:37:54 PM","Access Permitted","10.6.162.46","49520","N/A","64.4.54.18","443","N/A","6"
"TCP_ACCELERATED","Bluecoat Logs - rfpproxy2","1","Sep 27, 2019, 12:37:53 PM","Information","10.6.162.46","49520","fe3.delivery.mp.microsoft.com:443/","64.4.54.18","443","N/A","7"
"DIRECT","Bluecoat Logs - rfpproxy2","1","Sep 27, 2019, 12:37:53 PM","Access Permitted","10.6.162.46","49518","N/A","52.177.83.224","443","N/A","6"
"TCP_ACCELERATED","Bluecoat Logs - rfpproxy2","1","Sep 27, 2019, 12:37:53 PM","Information","10.6.162.46","49518","tsfe.trafficshaping.dsp.mp.microsoft.com:443/","52.177.83.224","443","N/A","7"
"DIRECT","Bluecoat Logs - rfpproxy2","1","Sep 27, 2019, 12:37:53 PM","Access Permitted","10.6.162.46","49517","N/A","52.177.83.224","443","N/A","6"
"TCP_ACCELERATED","Bluecoat Logs - rfpproxy2","1","Sep 27, 2019, 12:37:53 PM","Information","10.6.162.46","49517","tsfe.trafficshaping.dsp.mp.microsoft.com:443/","52.177.83.224","443","N/A","7"
"DIRECT","Bluecoat Logs - rfpproxy2","1","Sep 27, 2019, 12:37:53 PM","Access Permitted","10.6.162.46","49516","N/A","52.177.83.224","443","N/A","6"
"TCP_ACCELERATED","Bluecoat Logs - rfpproxy2","1","Sep 27, 2019, 12:37:53 PM","Information","10.6.162.46","49516","tsfe.trafficshaping.dsp.mp.microsoft.com:443/","52.177.83.224","443","N/A","7"
"DIRECT","Bluecoat Logs - rfpproxy2","1","Sep 27, 2019, 12:37:52 PM","Access Permitted","10.6.162.46","49513","N/A","64.4.54.18","443","N/A","6"
"TCP_ACCELERATED","Bluecoat Logs - rfpproxy2","1","Sep 27, 2019, 12:37:50 PM","Information","10.6.162.46","49513","fe3.delivery.mp.microsoft.com:443/","64.4.54.18","443","N/A","7"
"DIRECT","Bluecoat Logs - rfpproxy2","1","Sep 27, 2019, 12:37:49 PM","Access Permitted","10.6.162.46","49374","nexus.officeapps.live.com:443/","52.109.76.35","443","wgonzalez","6"
"TCP_MISS","Bluecoat Logs - rfpproxy2","1","Sep 27, 2019, 12:37:49 PM","Object Not Cached","10.6.162.46","49510","login.microsoftonline.com","40.126.2.0","443","wgonzalez","6"
"TCP_MISS","Bluecoat Logs - rfpproxy2","1","Sep 27, 2019, 12:37:48 PM","Object Not Cached","10.6.162.46","49510","login.microsoftonline.com","40.126.2.0","443","wgonzalez","6"
"TCP_ACCELERATED","Bluecoat Logs - rfpproxy2","1","Sep 27, 2019, 12:37:48 PM","Information","10.6.162.46","49510","login.microsoftonline.com:443/","40.126.2.0","443","wgonzalez","7"
"TCP_ACCELERATED","Bluecoat Logs - rfpproxy2","1","Sep 27, 2019, 12:37:47 PM","Information","10.6.162.46","49509","cloud-ec-asn.amp.cisco.com:443/","52.6.103.57","443","N/A","7"
"TCP_ACCELERATED","Bluecoat Logs - rfpproxy2","1","Sep 27, 2019, 12:37:47 PM","Information","10.6.162.46","49508","login.live.com:443/","40.90.137.120","443","wgonzalez","7"
"DIRECT","Bluecoat Logs - rfpproxy1","1","Sep 27, 2019, 12:37:47 PM","Access Permitted","10.6.162.46","49505","N/A","13.68.93.109","443","N/A","6"
"TCP_ACCELERATED","Bluecoat Logs - rfpproxy1","1","Sep 27, 2019, 12:37:47 PM","Information","10.6.162.46","49506","sls.update.microsoft.com:443/","13.68.93.109","443","N/A","7"
"DIRECT","Bluecoat Logs - rfpproxy1","1","Sep 27, 2019, 12:37:47 PM","Access Permitted","10.6.162.46","49506","N/A","13.68.93.109","443","N/A","6"
"TCP_ACCELERATED","Bluecoat Logs - rfpproxy1","1","Sep 27, 2019, 12:37:47 PM","Information","10.6.162.46","49505","sls.update.microsoft.com:443/","13.68.93.109","443","N/A","7"
"DIRECT","Bluecoat Logs - rfpproxy2","1","Sep 27, 2019, 12:37:43 PM","Access Permitted","10.6.162.46","49501","N/A","40.84.140.84","443","N/A","6"
"TCP_ACCELERATED","Bluecoat Logs - rfpproxy2","1","Sep 27, 2019, 12:37:43 PM","Information","10.6.162.46","49501","c.urs.microsoft.com:443/","40.84.140.84","443","N/A","7"
"DIRECT","Bluecoat Logs - rfpproxy2","1","Sep 27, 2019, 12:37:10 PM","Access Permitted","10.6.162.46","49335","mpgops.service-now.com:443/","149.96.33.210","443","N/A","6"
"TCP_ACCELERATED","Bluecoat Logs - rfpproxy2","1","Sep 27, 2019, 12:37:07 PM","Information","10.6.162.46","49466","live.github.com:443/","140.82.113.25","443","N/A","7"
"TCP_MISS","Bluecoat Logs - rfpproxy2","1","Sep 27, 2019, 12:37:07 PM","Object Not Cached","10.6.162.46","49297","www.google-analytics.com","172.217.11.46","443","N/A","6"
"DIRECT","Bluecoat Logs - rfpproxy2","1","Sep 27, 2019, 12:37:07 PM","Access Permitted","10.6.162.46","49463","N/A","140.82.113.25","443","N/A","6"
"DIRECT","Bluecoat Logs - rfpproxy2","1","Sep 27, 2019, 12:37:04 PM","Access Permitted","10.6.162.46","49448","N/A","140.82.113.25","443","N/A","6"
"TCP_ACCELERATED","Bluecoat Logs - rfpproxy2","1","Sep 27, 2019, 12:37:04 PM","Information","10.6.162.46","49463","live.github.com:443/","140.82.113.25","443","N/A","7"
"TCP_MISS","Bluecoat Logs - rfpproxy2","1","Sep 27, 2019, 12:37:04 PM","Object Not Cached","10.6.162.46","49297","www.google-analytics.com","172.217.11.46","443","N/A","6"
"TCP_ACCELERATED","Bluecoat Logs - rfpproxy2","1","Sep 27, 2019, 12:37:03 PM","Information","10.6.162.46","49460","github.githubassets.com:443/","185.199.109.154","443","wgonzalez","7"
"TCP_ACCELERATED","Bluecoat Logs - rfpproxy2","1","Sep 27, 2019, 12:37:03 PM","Information","10.6.162.46","49461","avatars2.githubusercontent.com:443/","199.232.36.133","443","wgonzalez","7"
"TCP_MISS","Bluecoat Logs - rfpproxy2","1","Sep 27, 2019, 12:36:59 PM","Object Not Cached","10.6.162.46","49297","www.google-analytics.com","172.217.11.46","443","N/A","6"
"DIRECT","Bluecoat Logs - rfpproxy2","1","Sep 27, 2019, 12:36:58 PM","Access Permitted","10.6.162.46","49441","N/A","185.199.109.154","443","wgonzalez","6"
"TCP_MISS","Bluecoat Logs - rfpproxy2","1","Sep 27, 2019, 12:36:50 PM","Object Not Cached","10.6.162.46","49297","www.google-analytics.com","172.217.11.46","443","N/A","6"
"TCP_ACCELERATED","Bluecoat Logs - rfpproxy2","1","Sep 27, 2019, 12:36:50 PM","Information","10.6.162.46","49448","live.github.com:443/","140.82.113.25","443","N/A","7"
"DIRECT","Bluecoat Logs - rfpproxy2","1","Sep 27, 2019, 12:36:50 PM","Access Permitted","10.6.162.46","49444","N/A","140.82.113.25","443","N/A","6"
"TCP_ACCELERATED","Bluecoat Logs - rfpproxy2","1","Sep 27, 2019, 12:36:47 PM","Information","10.6.162.46","49444","live.github.com:443/","140.82.113.25","443","N/A","7"
"TCP_MISS","Bluecoat Logs - rfpproxy2","1","Sep 27, 2019, 12:36:47 PM","Object Not Cached","10.6.162.46","49297","www.google-analytics.com","172.217.11.46","443","N/A","6"
"DIRECT","Bluecoat Logs - rfpproxy2","1","Sep 27, 2019, 12:36:46 PM","Access Permitted","10.6.162.46","49435","N/A","140.82.113.25","443","N/A","6"
"TCP_ACCELERATED","Bluecoat Logs - rfpproxy2","1","Sep 27, 2019, 12:36:46 PM","Information","10.6.162.46","49441","github.githubassets.com:443/","185.199.109.154","443","wgonzalez","7"
"TCP_ACCELERATED","Bluecoat Logs - rfpproxy2","1","Sep 27, 2019, 12:36:46 PM","Information","10.6.162.46","49442","avatars2.githubusercontent.com:443/","199.232.36.133","443","wgonzalez","7"
"TCP_MISS","Bluecoat Logs - rfpproxy2","1","Sep 27, 2019, 12:36:45 PM","Object Not Cached","10.6.162.46","49297","www.google-analytics.com","172.217.11.46","443","N/A","6"
"DIRECT","Bluecoat Logs - rfpproxy2","1","Sep 27, 2019, 12:36:44 PM","Access Permitted","10.6.162.46","49428","N/A","185.199.109.154","443","wgonzalez","6"
"TCP_MISS","Bluecoat Logs - rfpproxy2","1","Sep 27, 2019, 12:36:38 PM","Object Not Cached","10.6.162.46","49297","www.google-analytics.com","172.217.11.46","443","N/A","6"
"TCP_ACCELERATED","Bluecoat Logs - rfpproxy2","1","Sep 27, 2019, 12:36:38 PM","Information","10.6.162.46","49435","live.github.com:443/","140.82.113.25","443","N/A","7"
"DIRECT","Bluecoat Logs - rfpproxy2","1","Sep 27, 2019, 12:36:38 PM","Access Permitted","10.6.162.46","49431","N/A","140.82.113.25","443","N/A","6"
"TCP_ACCELERATED","Bluecoat Logs - rfpproxy2","1","Sep 27, 2019, 12:36:34 PM","Information","10.6.162.46","49431","live.github.com:443/","140.82.113.25","443","N/A","7"
"TCP_MISS","Bluecoat Logs - rfpproxy2","1","Sep 27, 2019, 12:36:34 PM","Object Not Cached","10.6.162.46","49297","www.google-analytics.com","172.217.11.46","443","N/A","6"
"DIRECT","Bluecoat Logs - rfpproxy2","1","Sep 27, 2019, 12:36:34 PM","Access Permitted","10.6.162.46","49419","N/A","140.82.113.25","443","N/A","6"
"DIRECT","Bluecoat Logs - rfpproxy2","1","Sep 27, 2019, 12:36:33 PM","Access Permitted","10.6.162.46","49410","N/A","185.199.109.154","443","wgonzalez","6"
"TCP_ACCELERATED","Bluecoat Logs - rfpproxy2","1","Sep 27, 2019, 12:36:33 PM","Information","10.6.162.46","49429","avatars2.githubusercontent.com:443/","199.232.36.133","443","wgonzalez","7"
"TCP_ACCELERATED","Bluecoat Logs - rfpproxy2","1","Sep 27, 2019, 12:36:33 PM","Information","10.6.162.46","49428","github.githubassets.com:443/","185.199.109.154","443","wgonzalez","7"
"TCP_MISS","Bluecoat Logs - rfpproxy2","1","Sep 27, 2019, 12:36:32 PM","Object Not Cached","10.6.162.46","49297","www.google-analytics.com","172.217.11.46","443","N/A","6"
"TCP_MISS","Bluecoat Logs - rfpproxy2","1","Sep 27, 2019, 12:36:27 PM","Object Not Cached","10.6.162.46","49421","avatars1.githubusercontent.com","199.232.36.133","443","wgonzalez","6"
"TCP_ACCELERATED","Bluecoat Logs - rfpproxy2","1","Sep 27, 2019, 12:36:27 PM","Information","10.6.162.46","49421","avatars1.githubusercontent.com:443/","199.232.36.133","443","wgonzalez","7"
"DIRECT","Bluecoat Logs - rfpproxy2","1","Sep 27, 2019, 12:36:27 PM","Access Permitted","10.6.162.46","49414","N/A","140.82.113.25","443","N/A","6"
"TCP_ACCELERATED","Bluecoat Logs - rfpproxy2","1","Sep 27, 2019, 12:36:27 PM","Information","10.6.162.46","49420","github.com:443/","192.30.253.112","443","N/A","7"
"TCP_ACCELERATED","Bluecoat Logs - rfpproxy2","1","Sep 27, 2019, 12:36:27 PM","Information","10.6.162.46","49419","live.github.com:443/","140.82.113.25","443","N/A","7"
"TCP_MISS","Bluecoat Logs - rfpproxy2","1","Sep 27, 2019, 12:36:27 PM","Object Not Cached","10.6.162.46","49297","www.google-analytics.com","172.217.11.46","443","N/A","6"
"TCP_ACCELERATED","Bluecoat Logs - rfpproxy2","1","Sep 27, 2019, 12:36:25 PM","Information","10.6.162.46","49416","avatars0.githubusercontent.com:443/","199.232.36.133","443","wgonzalez","7"
"TCP_MISS","Bluecoat Logs - rfpproxy2","1","Sep 27, 2019, 12:36:24 PM","Object Not Cached","10.6.162.46","49413","avatars0.githubusercontent.com","199.232.36.133","443","wgonzalez","6"
"TCP_ACCELERATED","Bluecoat Logs - rfpproxy2","1","Sep 27, 2019, 12:36:23 PM","Information","10.6.162.46","49414","live.github.com:443/","140.82.113.25","443","N/A","7"
"TCP_MISS","Bluecoat Logs - rfpproxy2","1","Sep 27, 2019, 12:36:23 PM","Object Not Cached","10.6.162.46","49297","www.google-analytics.com","172.217.11.46","443","N/A","6"
"DIRECT","Bluecoat Logs - rfpproxy2","1","Sep 27, 2019, 12:36:23 PM","Access Permitted","10.6.162.46","49293","N/A","192.30.253.125","443","N/A","6"
"TCP_ACCELERATED","Bluecoat Logs - rfpproxy2","1","Sep 27, 2019, 12:36:23 PM","Information","10.6.162.46","49413","avatars0.githubusercontent.com:443/","199.232.36.133","443","wgonzalez","7"
"TCP_ACCELERATED","Bluecoat Logs - rfpproxy2","1","Sep 27, 2019, 12:36:22 PM","Information","10.6.162.46","49410","github.githubassets.com:443/","185.199.109.154","443","wgonzalez","7"
"TCP_ACCELERATED","Bluecoat Logs - rfpproxy2","1","Sep 27, 2019, 12:36:22 PM","Information","10.6.162.46","49411","avatars2.githubusercontent.com:443/","199.232.36.133","443","wgonzalez","7"
"DIRECT","Bluecoat Logs - rfpproxy2","1","Sep 27, 2019, 12:36:21 PM","Access Permitted","10.6.162.46","49346","N/A","52.6.103.57","443","N/A","6"
"TCP_ACCELERATED","Bluecoat Logs - rfpproxy2","1","Sep 27, 2019, 12:36:20 PM","Information","10.6.162.46","49407","api.github.com:443/","192.30.253.116","443","N/A","7"
"TCP_MISS","Bluecoat Logs - rfpproxy2","1","Sep 27, 2019, 12:36:20 PM","Object Not Cached","10.6.162.46","49297","www.google-analytics.com","172.217.11.46","443","N/A","6"
"TCP_ACCELERATED","Bluecoat Logs - rfpproxy2","1","Sep 27, 2019, 12:36:20 PM","Information","10.6.162.46","49405","collector.githubapp.com:443/","3.224.219.57","443","wgonzalez","7"
"TCP_ACCELERATED","Bluecoat Logs - rfpproxy2","1","Sep 27, 2019, 12:36:20 PM","Information","10.6.162.46","49406","github.com:443/","192.30.253.112","443","N/A","7"
"TCP_ACCELERATED","Bluecoat Logs - rfpproxy2","1","Sep 27, 2019, 12:36:20 PM","Information","10.6.162.46","49404","github.com:443/","192.30.253.112","443","N/A","7"
"TCP_ACCELERATED","Bluecoat Logs - rfpproxy2","1","Sep 27, 2019, 12:36:19 PM","Information","10.6.162.46","49402","clients4.google.com:443/","172.217.12.174","443","wgonzalez","7"
"DIRECT","Bluecoat Logs - rfpproxy2","1","Sep 27, 2019, 12:36:19 PM","Access Permitted","10.6.162.46","49299","N/A","3.224.219.57","443","wgonzalez","6"
"DIRECT","Bluecoat Logs - rfpproxy2","1","Sep 27, 2019, 12:36:19 PM","Access Permitted","10.6.162.46","49295","N/A","140.82.114.4","443","N/A","6"
"DIRECT","Bluecoat Logs - rfpproxy2","1","Sep 27, 2019, 12:36:19 PM","Access Permitted","10.6.162.46","49300","N/A","140.82.114.5","443","N/A","6"
"DIRECT","Bluecoat Logs - rfpproxy2","1","Sep 27, 2019, 12:36:19 PM","Access Permitted","10.6.162.46","49296","N/A","140.82.114.4","443","N/A","6"
"DIRECT","Bluecoat Logs - rfpproxy2","1","Sep 27, 2019, 12:36:19 PM","Access Permitted","10.6.162.46","49276","N/A","140.82.114.4","443","N/A","6"
"DIRECT","Bluecoat Logs - rfpproxy2","2","Sep 27, 2019, 12:36:19 PM","Access Permitted","10.6.162.46","49275","N/A","140.82.114.4","443","N/A","6"
